Date,Frequency,Estimated Unemployment Rate (%),Estimated Employed,Estimated Labour Participation Rate (%),Region_Assam,Region_Bihar,Region_Chandigarh,Region_Chhattisgarh,Region_Delhi,Region_Goa,Region_Gujarat,Region_Haryana,Region_Himachal Pradesh,Region_Jammu & Kashmir,Region_Jharkhand,Region_Karnataka,Region_Kerala,Region_Madhya Pradesh,Region_Maharashtra,Region_Meghalaya,Region_Odisha,Region_Puducherry,Region_Punjab,Region_Rajasthan,Region_Sikkim,Region_Tamil Nadu,Region_Telangana,Region_Tripura,Region_Uttar Pradesh,Region_Uttarakhand,Region_West Bengal,Area_Urban
2019-05-31, Monthly,0.04756320041699244,0.2613211980058909,0.5048953409858205,0,0,0,0,0,0,0,0,0,0,0,0,0,0,0,0,0,0,0,0,0,0,0,0,0,0,0,0
2019-06-30, Monthly,0.03974459212926765,0.2560015355113572,0.48480756245779877,0,0,0,0,0,0,0,0,0,0,0,0,0,0,0,0,0,0,0,0,0,0,0,0,0,0,0,0
2019-07-31, Monthly,0.04886630179827989,0.2632361697861461,0.5092842673869008,0,0,0,0,0,0,0,0,0,0,0,0,0,0,0,0,0,0,0,0,0,0,0,0,0,0,0,0
2019-08-31, Monthly,0.0432629658587438,0.26758767461286215,0.5172180958811614,0,0,0,0,0,0,0,0,0,0,0,0,0,0,0,0,0,0,0,0,0,0,0,0,0,0,0,0
2019-09-30, Monthly,0.0673703414125619,0.26695500002197775,0.5292032410533424,0,0,0,0,0,0,0,0,0,0,0,0,0,0,0,0,0,0,0,0,0,0,0,0,0,0,0,0
2019-10-31, Monthly,0.045869168621318734,0.26172079922255226,0.5010128291694801,0,0,0,0,0,0,0,0,0,0,0,0,0,0,0,0,0,0,0,0,0,0,0,0,0,0,0,0
2019-11-30, Monthly,0.05368777690904353,0.24816827573966627,0.4670830519918974,0,0,0,0,0,0,0,0,0,0,0,0,0,0,0,0,0,0,0,0,0,0,0,0,0,0,0,0
2019-12-31, Monthly,0.057075840500390926,0.2728951782787162,0.536968264686023,0,0,0,0,0,0,0,0,0,0,0,0,0,0,0,0,0,0,0,0,0,0,0,0,0,0,0,0
2020-01-31, Monthly,0.06307010685431325,0.2617047040824295,0.5086090479405807,0,0,0,0,0,0,0,0,0,0,0,0,0,0,0,0,0,0,0,0,0,0,0,0,0,0,0,0
2020-02-29, Monthly,0.07701329163408913,0.2552959735535854,0.4979743416610399,0,0,0,0,0,0,0,0,0,0,0,0,0,0,0,0,0,0,0,0,0,0,0,0,0,0,0,0
2020-03-31, Monthly,0.05290591608027102,0.24733681742090735,0.4613436866981769,0,0,0,0,0,0,0,0,0,0,0,0,0,0,0,0,0,0,0,0,0,0,0,0,0,0,0,0
2020-04-30, Monthly,0.2122752150117279,0.19120429458576327,0.3831870357866307,0,0,0,0,0,0,0,0,0,0,0,0,0,0,0,0,0,0,0,0,0,0,0,0,0,0,0,0
2020-05-31, Monthly,0.18842845973416733,0.20725733804445667,0.4191424713031735,0,0,0,0,0,0,0,0,0,0,0,0,0,0,0,0,0,0,0,0,0,0,0,0,0,0,0,0
2020-06-30, Monthly,0.011076361740943425,0.33947526213046,0.6824780553679947,0,0,0,0,0,0,0,0,0,0,0,0,0,0,0,0,0,0,0,0,0,0,0,0,0,0,0,0
2019-05-31, Monthly,0.055903049257232204,0.2558583631168143,0.7437542201215396,1,0,0,0,0,0,0,0,0,0,0,0,0,0,0,0,0,0,0,0,0,0,0,0,0,0,0,0
2019-06-30, Monthly,0.06619755016940318,0.19405582420030718,0.5155300472653612,1,0,0,0,0,0,0,0,0,0,0,0,0,0,0,0,0,0,0,0,0,0,0,0,0,0,0,0
2019-07-31, Monthly,0.05551211884284596,0.2156686232831641,0.5887913571910872,1,0,0,0,0,0,0,0,0,0,0,0,0,0,0,0,0,0,0,0,0,0,0,0,0,0,0,0
2019-08-31, Monthly,0.07544956997654417,0.20212126074194792,0.548615800135044,1,0,0,0,0,0,0,0,0,0,0,0,0,0,0,0,0,0,0,0,0,0,0,0,0,0,0,0
2019-09-30, Monthly,0.058118321605420895,0.24971367161221192,0.7147197839297772,1,0,0,0,0,0,0,0,0,0,0,0,0,0,0,0,0,0,0,0,0,0,0,0,0,0,0,0
2019-10-31, Monthly,0.06059421422986709,0.1825242686174793,0.46303173531397707,1,0,0,0,0,0,0,0,0,0,0,0,0,0,0,0,0,0,0,0,0,0,0,0,0,0,0,0
2019-11-30, Monthly,0.060724524367995816,0.2094105004038109,0.562288993923025,1,0,0,0,0,0,0,0,0,0,0,0,0,0,0,0,0,0,0,0,0,0,0,0,0,0,0,0
2020-01-31, Monthly,0.055903049257232204,0.24867813741352718,0.7017218095881161,1,0,0,0,0,0,0,0,0,0,0,0,0,0,0,0,0,0,0,0,0,0,0,0,0,0,0,0
2020-02-29, Monthly,0.04248110502997131,0.1839874393176588,0.45307224848075633,1,0,0,0,0,0,0,0,0,0,0,0,0,0,0,0,0,0,0,0,0,0,0,0,0,0,0,0
2020-03-31, Monthly,0.04912692207453738,0.21495151481182606,0.5692099932478055,1,0,0,0,0,0,0,0,0,0,0,0,0,0,0,0,0,0,0,0,0,0,0,0,0,0,0,0
2020-05-31, Monthly,0.12223090956476415,0.2159888203506602,0.6190074274139096,1,0,0,0,0,0,0,0,0,0,0,0,0,0,0,0,0,0,0,0,0,0,0,0,0,0,0,0
2020-06-30, Monthly,0.0,0.16391494077086843,0.35533423362592853,1,0,0,0,0,0,0,0,0,0,0,0,0,0,0,0,0,0,0,0,0,0,0,0,0,0,0,0
2019-05-31, Monthly,0.12079749804534792,0.5308096299410194,0.4459824442943957,0,1,0,0,0,0,0,0,0,0,0,0,0,0,0,0,0,0,0,0,0,0,0,0,0,0,0,0
2019-06-30, Monthly,0.13291634089132134,0.5258975943648115,0.4453072248480757,0,1,0,0,0,0,0,0,0,0,0,0,0,0,0,0,0,0,0,0,0,0,0,0,0,0,0,0
2019-07-31, Monthly,0.1751368256450352,0.5073348899404041,0.4444632005401755,0,1,0,0,0,0,0,0,0,0,0,0,0,0,0,0,0,0,0,0,0,0,0,0,0,0,0,0
2019-08-31, Monthly,0.14334115194162106,0.485714218234661,0.39702903443619186,0,1,0,0,0,0,0,0,0,0,0,0,0,0,0,0,0,0,0,0,0,0,0,0,0,0,0,0
2019-09-30, Monthly,0.11558509252019807,0.5216985997381173,0.42606347062795413,0,1,0,0,0,0,0,0,0,0,0,0,0,0,0,0,0,0,0,0,0,0,0,0,0,0,0,0
2019-10-31, Monthly,0.1624967422465468,0.5249228761779221,0.4554355165428765,0,1,0,0,0,0,0,0,0,0,0,0,0,0,0,0,0,0,0,0,0,0,0,0,0,0,0,0
2019-11-30, Monthly,0.16158457127964557,0.48977706022221923,0.4081701553004727,0,1,0,0,0,0,0,0,0,0,0,0,0,0,0,0,0,0,0,0,0,0,0,0,0,0,0,0
2019-12-31, Monthly,0.13239510033880636,0.5000233007769033,0.4037812288993924,0,1,0,0,0,0,0,0,0,0,0,0,0,0,0,0,0,0,0,0,0,0,0,0,0,0,0,0
2020-01-31, Monthly,0.11897315611154549,0.5108366982053416,0.4086765698852127,0,1,0,0,0,0,0,0,0,0,0,0,0,0,0,0,0,0,0,0,0,0,0,0,0,0,0,0
2020-02-29, Monthly,0.1252280427417253,0.5055704820728458,0.40428764348413243,0,1,0,0,0,0,0,0,0,0,0,0,0,0,0,0,0,0,0,0,0,0,0,0,0,0,0,0
2020-03-31, Monthly,0.20054730258014075,0.4946295044168586,0.4312964213369346,0,1,0,0,0,0,0,0,0,0,0,0,0,0,0,0,0,0,0,0,0,0,0,0,0,0,0,0
2020-06-30, Monthly,0.2670054730258014,0.4499017223308851,0.40631330182309255,0,1,0,0,0,0,0,0,0,0,0,0,0,0,0,0,0,0,0,0,0,0,0,0,0,0,0,0
2019-05-31, Monthly,0.12796455564242898,0.1357939755584363,0.49898717083051997,0,0,0,1,0,0,0,0,0,0,0,0,0,0,0,0,0,0,0,0,0,0,0,0,0,0,0,0
2019-06-30, Monthly,0.08808965337503258,0.14343932019551484,0.5128291694800811,0,0,0,1,0,0,0,0,0,0,0,0,0,0,0,0,0,0,0,0,0,0,0,0,0,0,0,0
2019-07-31, Monthly,0.05916080271045086,0.1466101502732817,0.5097906819716409,0,0,0,1,0,0,0,0,0,0,0,0,0,0,0,0,0,0,0,0,0,0,0,0,0,0,0,0
2019-08-31, Monthly,0.060463904091738324,0.14341893884959855,0.4932478055367995,0,0,0,1,0,0,0,0,0,0,0,0,0,0,0,0,0,0,0,0,0,0,0,0,0,0,0,0
2019-09-30, Monthly,0.10854834506124578,0.14086212962015535,0.5072586090479407,0,0,0,1,0,0,0,0,0,0,0,0,0,0,0,0,0,0,0,0,0,0,0,0,0,0,0,0
2019-10-31, Monthly,0.0906958561376075,0.15295675268651618,0.5562120189061446,0,0,0,1,0,0,0,0,0,0,0,0,0,0,0,0,0,0,0,0,0,0,0,0,0,0,0,0
2019-11-30, Monthly,0.03609590826166274,0.1507500346231394,0.5102970965563809,0,0,0,1,0,0,0,0,0,0,0,0,0,0,0,0,0,0,0,0,0,0,0,0,0,0,0,0
2019-12-31, Monthly,0.07961949439666406,0.1425811824325307,0.49392302498311963,0,0,0,1,0,0,0,0,0,0,0,0,0,0,0,0,0,0,0,0,0,0,0,0,0,0,0,0
2020-01-31, Monthly,0.12887672660933022,0.13529498247783764,0.48446995273463883,0,0,0,1,0,0,0,0,0,0,0,0,0,0,0,0,0,0,0,0,0,0,0,0,0,0,0,0
2020-02-29, Monthly,0.10281469898358092,0.14865596067222492,0.5354490209318028,0,0,0,1,0,0,0,0,0,0,0,0,0,0,0,0,0,0,0,0,0,0,0,0,0,0,0,0
2020-03-31, Monthly,0.09525671097211362,0.14969766175883711,0.5342673869007427,0,0,0,1,0,0,0,0,0,0,0,0,0,0,0,0,0,0,0,0,0,0,0,0,0,0,0,0
2020-04-30, Monthly,0.0,0.14181438896342247,0.44058068872383527,0,0,0,1,0,0,0,0,0,0,0,0,0,0,0,0,0,0,0,0,0,0,0,0,0,0,0,0
2020-05-31, Monthly,0.09955694553036226,0.11819149057376967,0.3752532072923701,0,0,0,1,0,0,0,0,0,0,0,0,0,0,0,0,0,0,0,0,0,0,0,0,0,0,0,0
2020-06-30, Monthly,0.13213448006254888,0.1253425438355843,0.4275827143821742,0,0,0,1,0,0,0,0,0,0,0,0,0,0,0,0,0,0,0,0,0,0,0,0,0,0,0,0
2019-05-31, Monthly,0.1636695334897055,0.002625672811299856,0.48953409858203917,0,0,0,0,1,0,0,0,0,0,0,0,0,0,0,0,0,0,0,0,0,0,0,0,0,0,0,0
2019-06-30, Monthly,0.12157935887412041,0.0021793169620536734,0.3782916948008104,0,0,0,0,1,0,0,0,0,0,0,0,0,0,0,0,0,0,0,0,0,0,0,0,0,0,0,0
2019-07-31, Monthly,0.1442533229085223,0.002562648091417069,0.4591492234976368,0,0,0,0,1,0,0,0,0,0,0,0,0,0,0,0,0,0,0,0,0,0,0,0,0,0,0,0
2019-08-31, Monthly,0.22387281730518635,0.0018803978447470282,0.3693450371370696,0,0,0,0,1,0,0,0,0,0,0,0,0,0,0,0,0,0,0,0,0,0,0,0,0,0,0,0
2019-09-30, Monthly,0.16288767266093304,0.0025506423415157242,0.461681296421337,0,0,0,0,1,0,0,0,0,0,0,0,0,0,0,0,0,0,0,0,0,0,0,0,0,0,0,0
2019-10-31, Monthly,0.20641125879593433,0.0021888297147077407,0.4147535449020932,0,0,0,0,1,0,0,0,0,0,0,0,0,0,0,0,0,0,0,0,0,0,0,0,0,0,0,0
2019-11-30, Monthly,0.14477456346103726,0.0028286334029834492,0.49594868332207975,0,0,0,0,1,0,0,0,0,0,0,0,0,0,0,0,0,0,0,0,0,0,0,0,0,0,0,0
2019-12-31, Monthly,0.22113630440448268,0.0021048550705891067,0.4009115462525321,0,0,0,0,1,0,0,0,0,0,0,0,0,0,0,0,0,0,0,0,0,0,0,0,0,0,0,0
2020-01-31, Monthly,0.1756580661975502,0.0023699000410885296,0.4225185685347738,0,0,0,0,1,0,0,0,0,0,0,0,0,0,0,0,0,0,0,0,0,0,0,0,0,0,0,0
2020-02-29, Monthly,0.17995830075579883,0.002144852368529959,0.3799797434166105,0,0,0,0,1,0,0,0,0,0,0,0,0,0,0,0,0,0,0,0,0,0,0,0,0,0,0,0
2020-03-31, Monthly,0.19781078967943708,0.0022522918025286442,0.40715732613099265,0,0,0,0,1,0,0,0,0,0,0,0,0,0,0,0,0,0,0,0,0,0,0,0,0,0,0,0
2020-04-30, Monthly,0.26961167578837636,0.001444779378381611,0.28494260634706287,0,0,0,0,1,0,0,0,0,0,0,0,0,0,0,0,0,0,0,0,0,0,0,0,0,0,0,0
2020-05-31, Monthly,0.2965858743810269,0.0017536267478835688,0.3598919648885888,0,0,0,0,1,0,0,0,0,0,0,0,0,0,0,0,0,0,0,0,0,0,0,0,0,0,0,0
2020-06-30, Monthly,0.27547563200416997,0.0013708860652366095,0.2682309250506415,0,0,0,0,1,0,0,0,0,0,0,0,0,0,0,0,0,0,0,0,0,0,0,0,0,0,0,0
2019-05-31, Monthly,0.0379202501954652,0.002841142126013607,0.43602295746117486,0,0,0,0,0,1,0,0,0,0,0,0,0,0,0,0,0,0,0,0,0,0,0,0,0,0,0,0
2019-06-30, Monthly,0.07101902528016679,0.0026471913138552405,0.4196488858879136,0,0,0,0,0,1,0,0,0,0,0,0,0,0,0,0,0,0,0,0,0,0,0,0,0,0,0,0
2019-07-31, Monthly,0.14308053166536358,0.0025808425976427685,0.44699527346387585,0,0,0,0,0,1,0,0,0,0,0,0,0,0,0,0,0,0,0,0,0,0,0,0,0,0,0,0
2019-08-31, Monthly,0.025801407349491767,0.0029343671020234385,0.44361917623227554,0,0,0,0,0,1,0,0,0,0,0,0,0,0,0,0,0,0,0,0,0,0,0,0,0,0,0,0
2019-09-30, Monthly,0.04704195986447744,0.0024885142259060966,0.37896691424713036,0,0,0,0,0,1,0,0,0,0,0,0,0,0,0,0,0,0,0,0,0,0,0,0,0,0,0,0
2019-10-31, Monthly,0.09395360959082616,0.0027995921718924066,0.45627954085077654,0,0,0,0,0,1,0,0,0,0,0,0,0,0,0,0,0,0,0,0,0,0,0,0,0,0,0,0
2019-11-30, Monthly,0.30896533750325783,0.0024070325790347125,0.5192437542201217,0,0,0,0,0,1,0,0,0,0,0,0,0,0,0,0,0,0,0,0,0,0,0,0,0,0,0,0
2019-12-31, Monthly,0.04612978889757621,0.0027933596787742543,0.42825793382849436,0,0,0,0,0,1,0,0,0,0,0,0,0,0,0,0,0,0,0,0,0,0,0,0,0,0,0,0
2020-01-31, Monthly,0.07010685431326556,0.002394939355545772,0.3718771100607698,0,0,0,0,0,1,0,0,0,0,0,0,0,0,0,0,0,0,0,0,0,0,0,0,0,0,0,0
2020-02-29, Monthly,0.0,0.002673455258539209,0.3845374746792708,0,0,0,0,0,1,0,0,0,0,0,0,0,0,0,0,0,0,0,0,0,0,0,0,0,0,0,0
2020-04-30, Monthly,0.20732342976283558,0.002891811201644584,0.5406819716407834,0,0,0,0,0,1,0,0,0,0,0,0,0,0,0,0,0,0,0,0,0,0,0,0,0,0,0,0
2020-05-31, Monthly,0.26062027625749284,0.0017301838264004443,0.34402430790006755,0,0,0,0,0,1,0,0,0,0,0,0,0,0,0,0,0,0,0,0,0,0,0,0,0,0,0,0
2019-05-31, Monthly,0.03752931978107896,0.30408679444268927,0.6532748143146523,0,0,0,0,0,0,1,0,0,0,0,0,0,0,0,0,0,0,0,0,0,0,0,0,0,0,0,0
2019-06-30, Monthly,0.06215793588741203,0.28756637960532316,0.6210330857528696,0,0,0,0,0,0,1,0,0,0,0,0,0,0,0,0,0,0,0,0,0,0,0,0,0,0,0,0
2019-07-31, Monthly,0.05968204326296585,0.31222960137258304,0.6900742741390953,0,0,0,0,0,0,1,0,0,0,0,0,0,0,0,0,0,0,0,0,0,0,0,0,0,0,0,0
2019-08-31, Monthly,0.048214751107636164,0.29430317982454945,0.6286293045239704,0,0,0,0,0,0,1,0,0,0,0,0,0,0,0,0,0,0,0,0,0,0,0,0,0,0,0,0
2019-09-30, Monthly,0.08196507688298149,0.2893486976899472,0.6360567184334909,0,0,0,0,0,0,1,0,0,0,0,0,0,0,0,0,0,0,0,0,0,0,0,0,0,0,0,0
2019-10-31, Monthly,0.06398227782121449,0.3013266528588151,0.6573261309925726,0,0,0,0,0,0,1,0,0,0,0,0,0,0,0,0,0,0,0,0,0,0,0,0,0,0,0,0
2019-11-30, Monthly,0.06098514464425332,0.3157445525440611,0.6958136394328157,0,0,0,0,0,0,1,0,0,0,0,0,0,0,0,0,0,0,0,0,0,0,0,0,0,0,0,0
2019-12-31, Monthly,0.04508730779254626,0.3024050491154354,0.6444969615124916,0,0,0,0,0,0,1,0,0,0,0,0,0,0,0,0,0,0,0,0,0,0,0,0,0,0,0,0
2020-01-31, Monthly,0.06971592389887933,0.31167766490307525,0.6877110060769751,0,0,0,0,0,0,1,0,0,0,0,0,0,0,0,0,0,0,0,0,0,0,0,0,0,0,0,0
2020-02-29, Monthly,0.08652593171748761,0.3044872922636238,0.6777515192437542,0,0,0,0,0,0,1,0,0,0,0,0,0,0,0,0,0,0,0,0,0,0,0,0,0,0,0,0
2020-03-31, Monthly,0.09890539483971852,0.2937843083711633,0.6537812288993924,0,0,0,0,0,0,1,0,0,0,0,0,0,0,0,0,0,0,0,0,0,0,0,0,0,0,0,0
2020-04-30, Monthly,0.1563721657544957,0.1867161778835761,0.36191762322754906,0,0,0,0,0,0,1,0,0,0,0,0,0,0,0,0,0,0,0,0,0,0,0,0,0,0,0,0
2020-05-31, Monthly,0.18999218139171228,0.24212041749656324,0.5567184334908847,0,0,0,0,0,0,1,0,0,0,0,0,0,0,0,0,0,0,0,0,0,0,0,0,0,0,0,0
2020-06-30, Monthly,0.018373729476153233,0.2885426067115991,0.5805199189736665,0,0,0,0,0,0,1,0,0,0,0,0,0,0,0,0,0,0,0,0,0,0,0,0,0,0,0,0
2019-05-31, Monthly,0.1894709408391973,0.11371054670576766,0.536630654962863,0,0,0,0,0,0,0,1,0,0,0,0,0,0,0,0,0,0,0,0,0,0,0,0,0,0,0,0
2019-06-30, Monthly,0.3007557988011467,0.10268869971802233,0.5384875084402431,0,0,0,0,0,0,0,1,0,0,0,0,0,0,0,0,0,0,0,0,0,0,0,0,0,0,0,0
2019-07-31, Monthly,0.2113630440448267,0.10446839359501772,0.486833220796759,0,0,0,0,0,0,0,1,0,0,0,0,0,0,0,0,0,0,0,0,0,0,0,0,0,0,0,0
2019-08-31, Monthly,0.40317956737034144,0.0986021086514243,0.5891289669142471,0,0,0,0,0,0,0,1,0,0,0,0,0,0,0,0,0,0,0,0,0,0,0,0,0,0,0,0
2019-09-30, Monthly,0.21318738597862916,0.11105944094886624,0.5298784604996625,0,0,0,0,0,0,0,1,0,0,0,0,0,0,0,0,0,0,0,0,0,0,0,0,0,0,0,0
2019-10-31, Monthly,0.31495960385718014,0.10386204855400802,0.5526671168129643,0,0,0,0,0,0,0,1,0,0,0,0,0,0,0,0,0,0,0,0,0,0,0,0,0,0,0,0
2019-11-30, Monthly,0.21618451915559034,0.10554438432797837,0.4920661715057394,0,0,0,0,0,0,0,1,0,0,0,0,0,0,0,0,0,0,0,0,0,0,0,0,0,0,0,0
2019-12-31, Monthly,0.3851967683085744,0.09959007908683873,0.5751181634031061,0,0,0,0,0,0,0,1,0,0,0,0,0,0,0,0,0,0,0,0,0,0,0,0,0,0,0,0
2020-01-31, Monthly,0.21123273390669797,0.1096234964028346,0.5133355840648212,0,0,0,0,0,0,0,1,0,0,0,0,0,0,0,0,0,0,0,0,0,0,0,0,0,0,0,0
2020-02-29, Monthly,0.35431326557206155,0.09886019947170765,0.5408507765023632,0,0,0,0,0,0,0,1,0,0,0,0,0,0,0,0,0,0,0,0,0,0,0,0,0,0,0,0
2020-03-31, Monthly,0.3117018504039615,0.09439992123878171,0.47383524645509795,0,0,0,0,0,0,0,1,0,0,0,0,0,0,0,0,0,0,0,0,0,0,0,0,0,0,0,0
2020-04-30, Monthly,0.5422204847537139,0.08729054914146969,0.6164753544902094,0,0,0,0,0,0,0,1,0,0,0,0,0,0,0,0,0,0,0,0,0,0,0,0,0,0,0,0
2020-05-31, Monthly,0.4459212926765703,0.08451638991517883,0.49713031735313984,0,0,0,0,0,0,0,1,0,0,0,0,0,0,0,0,0,0,0,0,0,0,0,0,0,0,0,0
2020-06-30, Monthly,0.46351316132395104,0.09421812925530301,0.5941931127616477,0,0,0,0,0,0,0,1,0,0,0,0,0,0,0,0,0,0,0,0,0,0,0,0,0,0,0,0
2019-05-31, Monthly,0.1782642689601251,0.04365675547911045,0.5216070222822418,0,0,0,0,0,0,0,0,1,0,0,0,0,0,0,0,0,0,0,0,0,0,0,0,0,0,0,0
2019-06-30, Monthly,0.14894448788115716,0.041717487909892756,0.47012153950033764,0,0,0,0,0,0,0,0,1,0,0,0,0,0,0,0,0,0,0,0,0,0,0,0,0,0,0,0
2019-07-31, Monthly,0.2683085744070889,0.040837131855652214,0.5330857528696826,0,0,0,0,0,0,0,0,1,0,0,0,0,0,0,0,0,0,0,0,0,0,0,0,0,0,0,0
2019-08-31, Monthly,0.24185561636695335,0.04198356069504676,0.5330857528696826,0,0,0,0,0,0,0,0,1,0,0,0,0,0,0,0,0,0,0,0,0,0,0,0,0,0,0,0
2019-09-30, Monthly,0.2082356007297368,0.043526507307138945,0.5349426063470629,0,0,0,0,0,0,0,0,1,0,0,0,0,0,0,0,0,0,0,0,0,0,0,0,0,0,0,0
2019-10-31, Monthly,0.2060203283815481,0.04149609225961749,0.4976367319378799,0,0,0,0,0,0,0,0,1,0,0,0,0,0,0,0,0,0,0,0,0,0,0,0,0,0,0,0
2019-11-30, Monthly,0.2978889757623143,0.043189843336772726,0.5936866981769076,0,0,0,0,0,0,0,0,1,0,0,0,0,0,0,0,0,0,0,0,0,0,0,0,0,0,0,0
2019-12-31, Monthly,0.25358352879854057,0.04096827663189685,0.5185685347738015,0,0,0,0,0,0,0,0,1,0,0,0,0,0,0,0,0,0,0,0,0,0,0,0,0,0,0,0
2020-01-31, Monthly,0.2172270002606203,0.0435534273037301,0.536461850101283,0,0,0,0,0,0,0,0,1,0,0,0,0,0,0,0,0,0,0,0,0,0,0,0,0,0,0,0
2020-02-29, Monthly,0.20093823299452698,0.04161652152137825,0.4915597569209994,0,0,0,0,0,0,0,0,1,0,0,0,0,0,0,0,0,0,0,0,0,0,0,0,0,0,0,0
2020-03-31, Monthly,0.23077925462600993,0.038291694192600076,0.45307224848075633,0,0,0,0,0,0,0,0,1,0,0,0,0,0,0,0,0,0,0,0,0,0,0,0,0,0,0,0
2020-04-30, Monthly,0.02775605942142295,0.020441505876180377,0.08609047940580694,0,0,0,0,0,0,0,0,1,0,0,0,0,0,0,0,0,0,0,0,0,0,0,0,0,0,0,0
2020-05-31, Monthly,0.3341151941621059,0.03679642068576275,0.49442943956785956,0,0,0,0,0,0,0,0,1,0,0,0,0,0,0,0,0,0,0,0,0,0,0,0,0,0,0,0
2020-06-30, Monthly,0.01459473547041959,0.04768742905482011,0.47045914922349774,0,0,0,0,0,0,0,0,1,0,0,0,0,0,0,0,0,0,0,0,0,0,0,0,0,0,0,0
2019-05-31, Monthly,0.16653635652853793,0.05348498162693831,0.45982444294395686,0,0,0,0,0,0,0,0,0,1,0,0,0,0,0,0,0,0,0,0,0,0,0,0,0,0,0,0
2019-06-30, Monthly,0.15754495699765442,0.05192261587839368,0.4336596893990548,0,0,0,0,0,0,0,0,0,1,0,0,0,0,0,0,0,0,0,0,0,0,0,0,0,0,0,0
2019-07-31, Monthly,0.17813395882199637,0.054668717951454296,0.4790681971640784,0,0,0,0,0,0,0,0,0,1,0,0,0,0,0,0,0,0,0,0,0,0,0,0,0,0,0,0
2019-08-31, Monthly,0.14751107636174096,0.059683316309150816,0.5205941931127618,0,0,0,0,0,0,0,0,0,1,0,0,0,0,0,0,0,0,0,0,0,0,0,0,0,0,0,0
2019-10-31, Monthly,0.2511076361740944,0.05310086323528629,0.5021944632005402,0,0,0,0,0,0,0,0,0,1,0,0,0,0,0,0,0,0,0,0,0,0,0,0,0,0,0,0
2019-11-30, Monthly,0.1919468334636435,0.05174727507200225,0.4449696151249156,0,0,0,0,0,0,0,0,0,1,0,0,0,0,0,0,0,0,0,0,0,0,0,0,0,0,0,0
2020-01-31, Monthly,0.28915819650768837,0.05082364146028494,0.4934166103983796,0,0,0,0,0,0,0,0,0,1,0,0,0,0,0,0,0,0,0,0,0,0,0,0,0,0,0,0
2020-02-29, Monthly,0.2766484232473287,0.046229288085928966,0.4206617150573937,0,0,0,0,0,0,0,0,0,1,0,0,0,0,0,0,0,0,0,0,0,0,0,0,0,0,0,0
2020-03-31, Monthly,0.2084962210059943,0.05055063639331177,0.43433490884537485,0,0,0,0,0,0,0,0,0,1,0,0,0,0,0,0,0,0,0,0,0,0,0,0,0,0,0,0
2020-05-31, Monthly,0.0289288506645817,0.05833495469272726,0.424206617150574,0,0,0,0,0,0,0,0,0,1,0,0,0,0,0,0,0,0,0,0,0,0,0,0,0,0,0,0
2020-06-30, Monthly,0.24719833203023195,0.04374110188597646,0.3647873058744092,0,0,0,0,0,0,0,0,0,1,0,0,0,0,0,0,0,0,0,0,0,0,0,0,0,0,0,0
2019-05-31, Monthly,0.09265050820953871,0.15278018724989798,0.43399729912221474,0,0,0,0,0,0,0,0,0,0,1,0,0,0,0,0,0,0,0,0,0,0,0,0,0,0,0,0
2019-06-30, Monthly,0.11024237685691948,0.1589911618655221,0.46910871033085755,0,0,0,0,0,0,0,0,0,0,1,0,0,0,0,0,0,0,0,0,0,0,0,0,0,0,0,0
2019-07-31, Monthly,0.13004951785248894,0.1510884043284643,0.4444632005401755,0,0,0,0,0,0,0,0,0,0,1,0,0,0,0,0,0,0,0,0,0,0,0,0,0,0,0,0
2019-08-31, Monthly,0.15715402658326819,0.15233385326904872,0.46421336934503715,0,0,0,0,0,0,0,0,0,0,1,0,0,0,0,0,0,0,0,0,0,0,0,0,0,0,0,0
2019-09-30, Monthly,0.09278081834766744,0.16293490856353085,0.4711343686698178,0,0,0,0,0,0,0,0,0,0,1,0,0,0,0,0,0,0,0,0,0,0,0,0,0,0,0,0
2019-10-31, Monthly,0.0856137607505864,0.16864520623199453,0.48953409858203917,0,0,0,0,0,0,0,0,0,0,1,0,0,0,0,0,0,0,0,0,0,0,0,0,0,0,0,0
2019-11-30, Monthly,0.10516028146989836,0.15811305825616287,0.4545914922349764,0,0,0,0,0,0,0,0,0,0,1,0,0,0,0,0,0,0,0,0,0,0,0,0,0,0,0,0
2019-12-31, Monthly,0.19741985926505085,0.1492303122485613,0.4686022957461176,0,0,0,0,0,0,0,0,0,0,1,0,0,0,0,0,0,0,0,0,0,0,0,0,0,0,0,0
2020-01-31, Monthly,0.08027104508730779,0.17099590582059968,0.49122214719783935,0,0,0,0,0,0,0,0,0,0,1,0,0,0,0,0,0,0,0,0,0,0,0,0,0,0,0,0
2020-02-29, Monthly,0.11806098514464426,0.17238817917801028,0.5185685347738015,0,0,0,0,0,0,0,0,0,0,1,0,0,0,0,0,0,0,0,0,0,0,0,0,0,0,0,0
2020-03-31, Monthly,0.06528537920250195,0.1554413087325823,0.41576637407157335,0,0,0,0,0,0,0,0,0,0,1,0,0,0,0,0,0,0,0,0,0,0,0,0,0,0,0,0
2020-04-30, Monthly,0.5436538962731301,0.09252549346638998,0.39821066846725195,0,0,0,0,0,0,0,0,0,0,1,0,0,0,0,0,0,0,0,0,0,0,0,0,0,0,0,0
2020-06-30, Monthly,0.2805577273911911,0.13833278709722596,0.46117488183659694,0,0,0,0,0,0,0,0,0,0,1,0,0,0,0,0,0,0,0,0,0,0,0,0,0,0,0,0
2019-05-31, Monthly,0.07114933541829555,0.303140155277427,0.5575624577987847,0,0,0,0,0,0,0,0,0,0,0,1,0,0,0,0,0,0,0,0,0,0,0,0,0,0,0,0
2019-06-30, Monthly,0.07792546260099036,0.28076987866254377,0.5028696826468603,0,0,0,0,0,0,0,0,0,0,0,1,0,0,0,0,0,0,0,0,0,0,0,0,0,0,0,0
2019-07-31, Monthly,0.006776127182694797,0.26505345543742276,0.42353139770425396,0,0,0,0,0,0,0,0,0,0,0,1,0,0,0,0,0,0,0,0,0,0,0,0,0,0,0,0
2019-08-31, Monthly,0.004821475110763612,0.2763520251196152,0.449020931802836,0,0,0,0,0,0,0,0,0,0,0,1,0,0,0,0,0,0,0,0,0,0,0,0,0,0,0,0
2019-09-30, Monthly,0.04169924420119883,0.29943241231882667,0.5253207292370021,0,0,0,0,0,0,0,0,0,0,0,1,0,0,0,0,0,0,0,0,0,0,0,0,0,0,0,0
2019-10-31, Monthly,0.09291112848579619,0.27891187405622836,0.5025320729237003,0,0,0,0,0,0,0,0,0,0,0,1,0,0,0,0,0,0,0,0,0,0,0,0,0,0,0,0
2019-11-30, Monthly,0.015506906437320805,0.251219704370327,0.39027683997299134,0,0,0,0,0,0,0,0,0,0,0,1,0,0,0,0,0,0,0,0,0,0,0,0,0,0,0,0
2019-12-31, Monthly,0.005342715663278569,0.27787542138487353,0.448852126941256,0,0,0,0,0,0,0,0,0,0,0,1,0,0,0,0,0,0,0,0,0,0,0,0,0,0,0,0
2020-01-31, Monthly,0.03348970549908782,0.3037400928781433,0.5265023632680622,0,0,0,0,0,0,0,0,0,0,0,1,0,0,0,0,0,0,0,0,0,0,0,0,0,0,0,0
2020-02-29, Monthly,0.053557466770914774,0.27782129710253145,0.47265361242403786,0,0,0,0,0,0,0,0,0,0,0,1,0,0,0,0,0,0,0,0,0,0,0,0,0,0,0,0
2020-03-31, Monthly,0.03114412301277039,0.2800116576050226,0.46455097906819726,0,0,0,0,0,0,0,0,0,0,0,1,0,0,0,0,0,0,0,0,0,0,0,0,0,0,0,0
2020-04-30, Monthly,0.432238728173052,0.2029601543156549,0.5050641458474004,0,0,0,0,0,0,0,0,0,0,0,1,0,0,0,0,0,0,0,0,0,0,0,0,0,0,0,0
2020-05-31, Monthly,0.30909564764138653,0.231300022181115,0.5023632680621203,0,0,0,0,0,0,0,0,0,0,0,1,0,0,0,0,0,0,0,0,0,0,0,0,0,0,0,0
2020-06-30, Monthly,0.1422986708365911,0.3356097605565805,0.675894665766374,0,0,0,0,0,0,0,0,0,0,0,1,0,0,0,0,0,0,0,0,0,0,0,0,0,0,0,0
2019-05-31, Monthly,0.08639562157935887,0.1122927966659617,0.4176232275489535,0,0,0,0,0,0,0,0,0,0,0,0,1,0,0,0,0,0,0,0,0,0,0,0,0,0,0,0
2019-06-30, Monthly,0.11727912431587179,0.12150533996730106,0.487170830519919,0,0,0,0,0,0,0,0,0,0,0,0,1,0,0,0,0,0,0,0,0,0,0,0,0,0,0,0
2019-07-31, Monthly,0.06450351837372946,0.10509892508300533,0.36512491559756927,0,0,0,0,0,0,0,0,0,0,0,0,1,0,0,0,0,0,0,0,0,0,0,0,0,0,0,0
2019-08-31, Monthly,0.1344800625488663,0.11336640374365961,0.44851451721809593,0,0,0,0,0,0,0,0,0,0,0,0,1,0,0,0,0,0,0,0,0,0,0,0,0,0,0,0
2019-09-30, Monthly,0.06971592389887933,0.11701951944678904,0.43281566509115466,0,0,0,0,0,0,0,0,0,0,0,0,1,0,0,0,0,0,0,0,0,0,0,0,0,0,0,0
2019-10-31, Monthly,0.11910346624967423,0.11545212396695606,0.45054017555705617,0,0,0,0,0,0,0,0,0,0,0,0,1,0,0,0,0,0,0,0,0,0,0,0,0,0,0,0
2019-11-30, Monthly,0.0651550690643732,0.09859336129266194,0.32714382174206624,0,0,0,0,0,0,0,0,0,0,0,0,1,0,0,0,0,0,0,0,0,0,0,0,0,0,0,0
2019-12-31, Monthly,0.14034401876465988,0.10970027634437118,0.4277515192437543,0,0,0,0,0,0,0,0,0,0,0,0,1,0,0,0,0,0,0,0,0,0,0,0,0,0,0,0
2020-01-31, Monthly,0.053557466770914774,0.11497541478280451,0.41070222822417285,0,0,0,0,0,0,0,0,0,0,0,0,1,0,0,0,0,0,0,0,0,0,0,0,0,0,0,0
2020-02-29, Monthly,0.11610633307271306,0.11271319472808058,0.4306212018906146,0,0,0,0,0,0,0,0,0,0,0,0,1,0,0,0,0,0,0,0,0,0,0,0,0,0,0,0
2020-03-31, Monthly,0.11532447224394057,0.08949713599446503,0.2960837272113438,0,0,0,0,0,0,0,0,0,0,0,0,1,0,0,0,0,0,0,0,0,0,0,0,0,0,0,0
2020-04-30, Monthly,0.13956215793588742,0.0372801496253211,0.0,0,0,0,0,0,0,0,0,0,0,0,0,1,0,0,0,0,0,0,0,0,0,0,0,0,0,0,0
2020-05-31, Monthly,0.30466510294500915,0.08201740072715481,0.34250506414584736,0,0,0,0,0,0,0,0,0,0,0,0,1,0,0,0,0,0,0,0,0,0,0,0,0,0,0,0
2020-06-30, Monthly,0.3604378420641126,0.08534509281592764,0.399729912221472,0,0,0,0,0,0,0,0,0,0,0,0,1,0,0,0,0,0,0,0,0,0,0,0,0,0,0,0
2019-05-31, Monthly,0.047302580140734934,0.3345956136500697,0.4159351789331533,0,0,0,0,0,0,0,0,0,0,0,0,0,1,0,0,0,0,0,0,0,0,0,0,0,0,0,0
2019-06-30, Monthly,0.05538180870471722,0.35526028651667474,0.45830519918973667,0,0,0,0,0,0,0,0,0,0,0,0,0,1,0,0,0,0,0,0,0,0,0,0,0,0,0,0
2019-07-31, Monthly,0.05108157414646859,0.354821016028026,0.4535786630654964,0,0,0,0,0,0,0,0,0,0,0,0,0,1,0,0,0,0,0,0,0,0,0,0,0,0,0,0
2019-08-31, Monthly,0.06437320823560073,0.3610410441599692,0.4713031735313978,0,0,0,0,0,0,0,0,0,0,0,0,0,1,0,0,0,0,0,0,0,0,0,0,0,0,0,0
2019-09-30, Monthly,0.04013552254365388,0.35229757797226124,0.4400742741390952,0,0,0,0,0,0,0,0,0,0,0,0,0,1,0,0,0,0,0,0,0,0,0,0,0,0,0,0
2019-10-31, Monthly,0.03883242116236643,0.37200806707667144,0.47484807562457804,0,0,0,0,0,0,0,0,0,0,0,0,0,1,0,0,0,0,0,0,0,0,0,0,0,0,0,0
2019-11-30, Monthly,0.03544435757101902,0.3555147034462779,0.44074949358541526,0,0,0,0,0,0,0,0,0,0,0,0,0,1,0,0,0,0,0,0,0,0,0,0,0,0,0,0
2019-12-31, Monthly,0.038311180609851433,0.36750337412962963,0.4632005401755572,0,0,0,0,0,0,0,0,0,0,0,0,0,1,0,0,0,0,0,0,0,0,0,0,0,0,0,0
2020-01-31, Monthly,0.04769351055512118,0.3528308825676052,0.43923024983119524,0,0,0,0,0,0,0,0,0,0,0,0,0,1,0,0,0,0,0,0,0,0,0,0,0,0,0,0
2020-02-29, Monthly,0.05759708105290591,0.3527071511779116,0.4429439567859555,0,0,0,0,0,0,0,0,0,0,0,0,0,1,0,0,0,0,0,0,0,0,0,0,0,0,0,0
2020-03-31, Monthly,0.015506906437320805,0.359320088797063,0.43163403106009457,0,0,0,0,0,0,0,0,0,0,0,0,0,1,0,0,0,0,0,0,0,0,0,0,0,0,0,0
2020-04-30, Monthly,0.16288767266093304,0.31030247076364814,0.41441593517893327,0,0,0,0,0,0,0,0,0,0,0,0,0,1,0,0,0,0,0,0,0,0,0,0,0,0,0,0
2020-05-31, Monthly,0.2926765702371645,0.2853865378017437,0.43737339635381506,0,0,0,0,0,0,0,0,0,0,0,0,0,1,0,0,0,0,0,0,0,0,0,0,0,0,0,0
2020-06-30, Monthly,0.08418034923117018,0.36519240941820247,0.4755232950708981,0,0,0,0,0,0,0,0,0,0,0,0,0,1,0,0,0,0,0,0,0,0,0,0,0,0,0,0
2019-05-31, Monthly,0.04782382069324993,0.5215052393726753,0.5702228224172856,0,0,0,0,0,0,0,0,0,0,0,0,0,0,1,0,0,0,0,0,0,0,0,0,0,0,0,0
2019-06-30, Monthly,0.05655459994787594,0.5031281976379989,0.5462525320729237,0,0,0,0,0,0,0,0,0,0,0,0,0,0,1,0,0,0,0,0,0,0,0,0,0,0,0,0
2019-07-31, Monthly,0.04769351055512118,0.5422122494556901,0.5987508440243079,0,0,0,0,0,0,0,0,0,0,0,0,0,0,1,0,0,0,0,0,0,0,0,0,0,0,0,0
2019-08-31, Monthly,0.04899661193640864,0.5857662016009461,0.6640783254557732,0,0,0,0,0,0,0,0,0,0,0,0,0,0,1,0,0,0,0,0,0,0,0,0,0,0,0,0
2019-09-30, Monthly,0.05733646077664842,0.5504245104141571,0.6146185010128292,0,0,0,0,0,0,0,0,0,0,0,0,0,0,1,0,0,0,0,0,0,0,0,0,0,0,0,0
2019-10-31, Monthly,0.04964816262705238,0.5309828057761172,0.5786630654962863,0,0,0,0,0,0,0,0,0,0,0,0,0,0,1,0,0,0,0,0,0,0,0,0,0,0,0,0
2019-11-30, Monthly,0.04795413083137866,0.5430352228364497,0.5941931127616477,0,0,0,0,0,0,0,0,0,0,0,0,0,0,1,0,0,0,0,0,0,0,0,0,0,0,0,0
2019-12-31, Monthly,0.039483971853010155,0.575318268821599,0.6355503038487509,0,0,0,0,0,0,0,0,0,0,0,0,0,0,1,0,0,0,0,0,0,0,0,0,0,0,0,0
2020-01-31, Monthly,0.049517852488923625,0.5649039477682962,0.62508440243079,0,0,0,0,0,0,0,0,0,0,0,0,0,0,1,0,0,0,0,0,0,0,0,0,0,0,0,0
2020-02-29, Monthly,0.05525149856658847,0.5520483263580073,0.6082039162727887,0,0,0,0,0,0,0,0,0,0,0,0,0,0,1,0,0,0,0,0,0,0,0,0,0,0,0,0
2020-03-31, Monthly,0.07010685431326556,0.5047566278135962,0.5447332883187037,0,0,0,0,0,0,0,0,0,0,0,0,0,0,1,0,0,0,0,0,0,0,0,0,0,0,0,0
2020-04-30, Monthly,0.329424029189471,0.3272689134243069,0.4066509115462526,0,0,0,0,0,0,0,0,0,0,0,0,0,0,1,0,0,0,0,0,0,0,0,0,0,0,0,0
2020-05-31, Monthly,0.2200938232994527,0.4018105151955946,0.47062795408507774,0,0,0,0,0,0,0,0,0,0,0,0,0,0,1,0,0,0,0,0,0,0,0,0,0,0,0,0
2020-06-30, Monthly,0.12249152984102164,0.5150356490952421,0.5909858203916274,0,0,0,0,0,0,0,0,0,0,0,0,0,0,1,0,0,0,0,0,0,0,0,0,0,0,0,0
2019-05-31, Monthly,0.04117800364868386,0.02339024051497099,0.8912896691424713,0,0,0,0,0,0,0,0,0,0,0,0,0,0,0,1,0,0,0,0,0,0,0,0,0,0,0,0
2019-06-30, Monthly,0.05512118842845974,0.0213299313688792,0.8062120189061446,0,0,0,0,0,0,0,0,0,0,0,0,0,0,0,1,0,0,0,0,0,0,0,0,0,0,0,0
2019-07-31, Monthly,0.013421944227260868,0.02425404219275376,0.9004051316677921,0,0,0,0,0,0,0,0,0,0,0,0,0,0,0,1,0,0,0,0,0,0,0,0,0,0,0,0
2019-08-31, Monthly,0.006776127182694797,0.022224961117443598,0.8023295070898042,0,0,0,0,0,0,0,0,0,0,0,0,0,0,0,1,0,0,0,0,0,0,0,0,0,0,0,0
2019-09-30, Monthly,0.0031274433150898784,0.024333818104666477,0.8894328156650911,0,0,0,0,0,0,0,0,0,0,0,0,0,0,0,1,0,0,0,0,0,0,0,0,0,0,0,0
2019-10-31, Monthly,0.048214751107636164,0.02255045033699088,0.8458811613774477,0,0,0,0,0,0,0,0,0,0,0,0,0,0,0,1,0,0,0,0,0,0,0,0,0,0,0,0
2019-12-31, Monthly,0.02345582486317435,0.02304004000692003,0.8414922349763674,0,0,0,0,0,0,0,0,0,0,0,0,0,0,0,1,0,0,0,0,0,0,0,0,0,0,0,0
2020-02-29, Monthly,0.035965598123534004,0.023255815479190478,0.8563470627954086,0,0,0,0,0,0,0,0,0,0,0,0,0,0,0,1,0,0,0,0,0,0,0,0,0,0,0,0
2020-04-30, Monthly,0.10919989575188951,0.016482167011177745,0.599257258609048,0,0,0,0,0,0,0,0,0,0,0,0,0,0,0,1,0,0,0,0,0,0,0,0,0,0,0,0
2020-05-31, Monthly,0.04860568152202241,0.020615950078298695,0.7415597569209994,0,0,0,0,0,0,0,0,0,0,0,0,0,0,0,1,0,0,0,0,0,0,0,0,0,0,0,0
2020-06-30, Monthly,0.017591868647380743,0.024072293946068885,0.8659689399054693,0,0,0,0,0,0,0,0,0,0,0,0,0,0,0,1,0,0,0,0,0,0,0,0,0,0,0,0
2019-05-31, Monthly,0.05433932759968724,0.2428776982130174,0.45813639432815667,0,0,0,0,0,0,0,0,0,0,0,0,0,0,0,0,1,0,0,0,0,0,0,0,0,0,0,0
2019-06-30, Monthly,0.061376075058639554,0.2387096036311511,0.449189736664416,0,0,0,0,0,0,0,0,0,0,0,0,0,0,0,0,1,0,0,0,0,0,0,0,0,0,0,0
2019-07-31, Monthly,0.04313265572061506,0.2615561520622478,0.5016880486158002,0,0,0,0,0,0,0,0,0,0,0,0,0,0,0,0,1,0,0,0,0,0,0,0,0,0,0,0
2019-08-31, Monthly,0.04795413083137866,0.25538436561387906,0.48615800135043896,0,0,0,0,0,0,0,0,0,0,0,0,0,0,0,0,1,0,0,0,0,0,0,0,0,0,0,0
2019-09-30, Monthly,0.05616366953348968,0.2431392879768057,0.4556043214044565,0,0,0,0,0,0,0,0,0,0,0,0,0,0,0,0,1,0,0,0,0,0,0,0,0,0,0,0
2019-10-31, Monthly,0.05577273911910345,0.25306358199224116,0.48193787981093866,0,0,0,0,0,0,0,0,0,0,0,0,0,0,0,0,1,0,0,0,0,0,0,0,0,0,0,0
2019-11-30, Monthly,0.06150638519676831,0.2655523829128307,0.5187373396353816,0,0,0,0,0,0,0,0,0,0,0,0,0,0,0,0,1,0,0,0,0,0,0,0,0,0,0,0
2019-12-31, Monthly,0.06085483450612457,0.24701773564165347,0.46556380823767723,0,0,0,0,0,0,0,0,0,0,0,0,0,0,0,0,1,0,0,0,0,0,0,0,0,0,0,0
2020-01-31, Monthly,0.023586135001303105,0.24345447718141033,0.4348413234301149,0,0,0,0,0,0,0,0,0,0,0,0,0,0,0,0,1,0,0,0,0,0,0,0,0,0,0,0
2020-02-29, Monthly,0.04313265572061506,0.2578991437844691,0.4836259284267387,0,0,0,0,0,0,0,0,0,0,0,0,0,0,0,0,1,0,0,0,0,0,0,0,0,0,0,0
2020-03-31, Monthly,0.19663799843627836,0.21353912252926205,0.4426063470627954,0,0,0,0,0,0,0,0,0,0,0,0,0,0,0,0,1,0,0,0,0,0,0,0,0,0,0,0
2020-04-30, Monthly,0.3189992181391713,0.12056110632569841,0.19969615124915602,0,0,0,0,0,0,0,0,0,0,0,0,0,0,0,0,1,0,0,0,0,0,0,0,0,0,0,0
2020-05-31, Monthly,0.12314308053166535,0.21068667444204808,0.3907832545577313,0,0,0,0,0,0,0,0,0,0,0,0,0,0,0,0,1,0,0,0,0,0,0,0,0,0,0,0
2020-06-30, Monthly,0.0598123534010946,0.22169579402279418,0.38875759621877115,0,0,0,0,0,0,0,0,0,0,0,0,0,0,0,0,1,0,0,0,0,0,0,0,0,0,0,0
2019-05-31, Monthly,0.0,0.0026909937128577477,0.5021944632005402,0,0,0,0,0,0,0,0,0,0,0,0,0,0,0,0,0,1,0,0,0,0,0,0,0,0,0,0
2019-06-30, Monthly,0.0,0.0029545735007644736,0.5506414584740041,0,0,0,0,0,0,0,0,0,0,0,0,0,0,0,0,0,1,0,0,0,0,0,0,0,0,0,0
2019-07-31, Monthly,0.0,0.001963935120927518,0.35837272113436874,0,0,0,0,0,0,0,0,0,0,0,0,0,0,0,0,0,1,0,0,0,0,0,0,0,0,0,0
2019-08-31, Monthly,0.063200416992442,0.0029415180678116493,0.5823767724510466,0,0,0,0,0,0,0,0,0,0,0,0,0,0,0,0,0,1,0,0,0,0,0,0,0,0,0,0
2019-09-30, Monthly,0.0,0.0027619347924204563,0.5065833896016206,0,0,0,0,0,0,0,0,0,0,0,0,0,0,0,0,0,1,0,0,0,0,0,0,0,0,0,0
2019-10-31, Monthly,0.01537659629919208,0.0028617640242958597,0.5320729237002026,0,0,0,0,0,0,0,0,0,0,0,0,0,0,0,0,0,1,0,0,0,0,0,0,0,0,0,0
2019-11-30, Monthly,0.0,0.002041786613912522,0.3658001350438893,0,0,0,0,0,0,0,0,0,0,0,0,0,0,0,0,0,1,0,0,0,0,0,0,0,0,0,0
2019-12-31, Monthly,0.02593171748762052,0.002873244932671465,0.5357866306549629,0,0,0,0,0,0,0,0,0,0,0,0,0,0,0,0,0,1,0,0,0,0,0,0,0,0,0,0
2020-01-31, Monthly,0.007557988011467287,0.002773612516368207,0.5038825118163404,0,0,0,0,0,0,0,0,0,0,0,0,0,0,0,0,0,1,0,0,0,0,0,0,0,0,0,0
2020-02-29, Monthly,0.02267396403440186,0.0029347169963739317,0.5410195813639433,0,0,0,0,0,0,0,0,0,0,0,0,0,0,0,0,0,1,0,0,0,0,0,0,0,0,0,0
2020-03-31, Monthly,0.030101641907740423,0.002028425023403002,0.36968264686022956,0,0,0,0,0,0,0,0,0,0,0,0,0,0,0,0,0,1,0,0,0,0,0,0,0,0,0,0
2019-05-31, Monthly,0.11949439666406048,0.13206602620109492,0.5310600945307226,0,0,0,0,0,0,0,0,0,0,0,0,0,0,0,0,0,0,1,0,0,0,0,0,0,0,0,0
2019-06-30, Monthly,0.1591086786551994,0.13068149425618902,0.5479405806887239,0,0,0,0,0,0,0,0,0,0,0,0,0,0,0,0,0,0,1,0,0,0,0,0,0,0,0,0
2019-07-31, Monthly,0.12561897315611156,0.1368679325304847,0.5599257258609048,0,0,0,0,0,0,0,0,0,0,0,0,0,0,0,0,0,0,1,0,0,0,0,0,0,0,0,0
2019-08-31, Monthly,0.08717748240813136,0.13414089969952606,0.5190749493585416,0,0,0,0,0,0,0,0,0,0,0,0,0,0,0,0,0,0,1,0,0,0,0,0,0,0,0,0
2019-09-30, Monthly,0.11193640865259316,0.1358366626691966,0.5428764348413235,0,0,0,0,0,0,0,0,0,0,0,0,0,0,0,0,0,0,1,0,0,0,0,0,0,0,0,0
2019-10-31, Monthly,0.1636695334897055,0.1306090223888429,0.5457461174881837,0,0,0,0,0,0,0,0,0,0,0,0,0,0,0,0,0,0,1,0,0,0,0,0,0,0,0,0
2019-11-30, Monthly,0.09212926765702373,0.13876814314282848,0.5438892640108035,0,0,0,0,0,0,0,0,0,0,0,0,0,0,0,0,0,0,1,0,0,0,0,0,0,0,0,0
2019-12-31, Monthly,0.07988011467292155,0.13372076405817002,0.5075962187711006,0,0,0,0,0,0,0,0,0,0,0,0,0,0,0,0,0,0,1,0,0,0,0,0,0,0,0,0
2020-01-31, Monthly,0.12627052384675527,0.13427307229042526,0.5383187035786631,0,0,0,0,0,0,0,0,0,0,0,0,0,0,0,0,0,0,1,0,0,0,0,0,0,0,0,0
2020-02-29, Monthly,0.13565285379202502,0.1303443929178847,0.5209318028359217,0,0,0,0,0,0,0,0,0,0,0,0,0,0,0,0,0,0,1,0,0,0,0,0,0,0,0,0
2020-03-31, Monthly,0.1369559551733125,0.13830169023682579,0.5658338960162054,0,0,0,0,0,0,0,0,0,0,0,0,0,0,0,0,0,0,1,0,0,0,0,0,0,0,0,0
2020-04-30, Monthly,0.04808444096950741,0.10217286797180614,0.31853477380148554,0,0,0,0,0,0,0,0,0,0,0,0,0,0,0,0,0,0,1,0,0,0,0,0,0,0,0,0
2020-05-31, Monthly,0.5289288506645818,0.08043078292644155,0.4694463200540176,0,0,0,0,0,0,0,0,0,0,0,0,0,0,0,0,0,0,1,0,0,0,0,0,0,0,0,0
2020-06-30, Monthly,0.26062027625749284,0.11622237264277543,0.5160364618501013,0,0,0,0,0,0,0,0,0,0,0,0,0,0,0,0,0,0,1,0,0,0,0,0,0,0,0,0
2019-05-31, Monthly,0.052514985665884806,0.33188758445602223,0.42521944632005415,0,0,0,0,0,0,0,0,0,0,0,0,0,0,0,0,0,0,0,1,0,0,0,0,0,0,0,0
2019-06-30, Monthly,0.1785248892363826,0.31842887639586254,0.4674206617150575,0,0,0,0,0,0,0,0,0,0,0,0,0,0,0,0,0,0,0,1,0,0,0,0,0,0,0,0
2019-07-31, Monthly,0.12640083398488403,0.3238808645600738,0.4464888588791358,0,0,0,0,0,0,0,0,0,0,0,0,0,0,0,0,0,0,0,1,0,0,0,0,0,0,0,0
2019-08-31, Monthly,0.16288767266093304,0.3280834893406545,0.47518568534773803,0,0,0,0,0,0,0,0,0,0,0,0,0,0,0,0,0,0,0,1,0,0,0,0,0,0,0,0
2019-09-30, Monthly,0.07101902528016679,0.33612511119806476,0.43737339635381506,0,0,0,0,0,0,0,0,0,0,0,0,0,0,0,0,0,0,0,1,0,0,0,0,0,0,0,0
2019-10-31, Monthly,0.19103466249674225,0.33084968847047164,0.49561107359891965,0,0,0,0,0,0,0,0,0,0,0,0,0,0,0,0,0,0,0,1,0,0,0,0,0,0,0,0
2019-11-30, Monthly,0.1364347146207975,0.3330367905818238,0.4648885887913572,0,0,0,0,0,0,0,0,0,0,0,0,0,0,0,0,0,0,0,1,0,0,0,0,0,0,0,0
2019-12-31, Monthly,0.18191295282773,0.3375581035105141,0.5008440243079001,0,0,0,0,0,0,0,0,0,0,0,0,0,0,0,0,0,0,0,1,0,0,0,0,0,0,0,0
2020-01-31, Monthly,0.10424811050299712,0.3375372410598659,0.4522282241728562,0,0,0,0,0,0,0,0,0,0,0,0,0,0,0,0,0,0,0,1,0,0,0,0,0,0,0,0
2020-02-29, Monthly,0.18868908001042484,0.32783246201257177,0.4810938555030385,0,0,0,0,0,0,0,0,0,0,0,0,0,0,0,0,0,0,0,1,0,0,0,0,0,0,0,0
2020-03-31, Monthly,0.12340370080792287,0.3282522696279742,0.44125590817015536,0,0,0,0,0,0,0,0,0,0,0,0,0,0,0,0,0,0,0,1,0,0,0,0,0,0,0,0
2020-04-30, Monthly,0.15962991920771435,0.2843285010226428,0.3693450371370696,0,0,0,0,0,0,0,0,0,0,0,0,0,0,0,0,0,0,0,1,0,0,0,0,0,0,0,0
2020-05-31, Monthly,0.13617409434454,0.3397783143747818,0.46893990546927755,0,0,0,0,0,0,0,0,0,0,0,0,0,0,0,0,0,0,0,1,0,0,0,0,0,0,0,0
2020-06-30, Monthly,0.18060985144644254,0.35049699977622073,0.5173869007427414,0,0,0,0,0,0,0,0,0,0,0,0,0,0,0,0,0,0,0,1,0,0,0,0,0,0,0,0
2019-10-31, Monthly,0.07140995569455304,0.002127095230242404,0.5187373396353816,0,0,0,0,0,0,0,0,0,0,0,0,0,0,0,0,0,0,0,0,1,0,0,0,0,0,0,0
2019-11-30, Monthly,0.17083659108678656,0.0024712600607473267,0.6703241053342337,0,0,0,0,0,0,0,0,0,0,0,0,0,0,0,0,0,0,0,0,1,0,0,0,0,0,0,0
2019-12-31, Monthly,0.013031013812874609,0.0024542245795576567,0.5565496286293046,0,0,0,0,0,0,0,0,0,0,0,0,0,0,0,0,0,0,0,0,1,0,0,0,0,0,0,0
2020-04-30, Monthly,0.0,0.0018364861037599711,0.411715057393653,0,0,0,0,0,0,0,0,0,0,0,0,0,0,0,0,0,0,0,0,1,0,0,0,0,0,0,0
2020-06-30, Monthly,0.07571019025280167,0.0020095525968732153,0.49004051316677927,0,0,0,0,0,0,0,0,0,0,0,0,0,0,0,0,0,0,0,0,1,0,0,0,0,0,0,0
2019-05-31, Monthly,0.012640083398488405,0.34541740854291986,0.6095543551654288,0,0,0,0,0,0,0,0,0,0,0,0,0,0,0,0,0,0,0,0,0,1,0,0,0,0,0,0
2019-06-30, Monthly,0.01198853270784464,0.3570208892831712,0.6357191087103309,0,0,0,0,0,0,0,0,0,0,0,0,0,0,0,0,0,0,0,0,0,1,0,0,0,0,0,0
2019-07-31, Monthly,0.07831639301537659,0.35878402878370885,0.6855165428764349,0,0,0,0,0,0,0,0,0,0,0,0,0,0,0,0,0,0,0,0,0,1,0,0,0,0,0,0
2019-08-31, Monthly,0.0379202501954652,0.3589590415641467,0.6556380823767726,0,0,0,0,0,0,0,0,0,0,0,0,0,0,0,0,0,0,0,0,0,1,0,0,0,0,0,0
2019-09-30, Monthly,0.02228303362001563,0.31809816062945473,0.5450708980418636,0,0,0,0,0,0,0,0,0,0,0,0,0,0,0,0,0,0,0,0,0,1,0,0,0,0,0,0
2019-10-31, Monthly,0.01902528016679697,0.3399710624251103,0.5945307224848075,0,0,0,0,0,0,0,0,0,0,0,0,0,0,0,0,0,0,0,0,0,1,0,0,0,0,0,0
2019-11-30, Monthly,0.03205629397967162,0.3536996702398825,0.6350438892640109,0,0,0,0,0,0,0,0,0,0,0,0,0,0,0,0,0,0,0,0,0,1,0,0,0,0,0,0
2019-12-31, Monthly,0.04860568152202241,0.33475087926810154,0.5987508440243079,0,0,0,0,0,0,0,0,0,0,0,0,0,0,0,0,0,0,0,0,0,1,0,0,0,0,0,0
2020-01-31, Monthly,0.01537659629919208,0.325953398140036,0.5553679945982444,0,0,0,0,0,0,0,0,0,0,0,0,0,0,0,0,0,0,0,0,0,1,0,0,0,0,0,0
2020-02-29, Monthly,0.015246286161063327,0.3450629218290754,0.5997636731937881,0,0,0,0,0,0,0,0,0,0,0,0,0,0,0,0,0,0,0,0,0,1,0,0,0,0,0,0
2020-03-31, Monthly,0.08287724784988272,0.3455025203436776,0.6453409858203917,0,0,0,0,0,0,0,0,0,0,0,0,0,0,0,0,0,0,0,0,0,1,0,0,0,0,0,0
2020-05-31, Monthly,0.5046911649726349,0.12506365616984344,0.2577650236326807,0,0,0,0,0,0,0,0,0,0,0,0,0,0,0,0,0,0,0,0,0,1,0,0,0,0,0,0
2020-06-30, Monthly,0.026843888454521764,0.22130150682658095,0.30654962862930457,0,0,0,0,0,0,0,0,0,0,0,0,0,0,0,0,0,0,0,0,0,1,0,0,0,0,0,0
2019-05-31, Monthly,0.02905916080271044,0.24063837436985397,0.8171843349088455,0,0,0,0,0,0,0,0,0,0,0,0,0,0,0,0,0,0,0,0,0,0,1,0,0,0,0,0
2019-06-30, Monthly,0.07714360177221788,0.2335414016535876,0.824780553679946,0,0,0,0,0,0,0,0,0,0,0,0,0,0,0,0,0,0,0,0,0,0,1,0,0,0,0,0
2019-07-31, Monthly,0.031925983841542854,0.25125187278217553,0.8620864280891292,0,0,0,0,0,0,0,0,0,0,0,0,0,0,0,0,0,0,0,0,0,0,1,0,0,0,0,0
2019-08-31, Monthly,0.01824341933802448,0.2338724235775521,0.7748143146522619,0,0,0,0,0,0,0,0,0,0,0,0,0,0,0,0,0,0,0,0,0,0,1,0,0,0,0,0
2019-10-31, Monthly,0.09499609069585613,0.2476800200419484,0.8973666441593517,0,0,0,0,0,0,0,0,0,0,0,0,0,0,0,0,0,0,0,0,0,0,1,0,0,0,0,0
2019-11-30, Monthly,0.08431065936929892,0.24528486200243357,0.87508440243079,0,0,0,0,0,0,0,0,0,0,0,0,0,0,0,0,0,0,0,0,0,0,1,0,0,0,0,0
2019-12-31, Monthly,0.017591868647380743,0.2409599054095613,0.7981093855503039,0,0,0,0,0,0,0,0,0,0,0,0,0,0,0,0,0,0,0,0,0,0,1,0,0,0,0,0
2020-02-29, Monthly,0.11753974459212926,0.24612998806925873,0.9046252532072925,0,0,0,0,0,0,0,0,0,0,0,0,0,0,0,0,0,0,0,0,0,0,1,0,0,0,0,0
2020-04-30, Monthly,0.05876987229606462,0.19122555066755578,0.6095543551654288,0,0,0,0,0,0,0,0,0,0,0,0,0,0,0,0,0,0,0,0,0,0,1,0,0,0,0,0
2020-05-31, Monthly,0.44318477977586657,0.16312352348684417,0.8046927751519244,0,0,0,0,0,0,0,0,0,0,0,0,0,0,0,0,0,0,0,0,0,0,1,0,0,0,0,0
2020-06-30, Monthly,0.25149856658848063,0.19335513889504546,0.7704253882511817,0,0,0,0,0,0,0,0,0,0,0,0,0,0,0,0,0,0,0,0,0,0,1,0,0,0,0,0
2019-05-31, Monthly,0.38115715402658334,0.02121516602191706,0.8632680621201891,0,0,0,0,0,0,0,0,0,0,0,0,0,0,0,0,0,0,0,0,0,0,0,1,0,0,0,0
2019-07-31, Monthly,0.29280688037529323,0.021937872802863023,0.7969277515192439,0,0,0,0,0,0,0,0,0,0,0,0,0,0,0,0,0,0,0,0,0,0,0,1,0,0,0,0
2019-08-31, Monthly,0.33216054209017465,0.020251906875006304,0.7589466576637407,0,0,0,0,0,0,0,0,0,0,0,0,0,0,0,0,0,0,0,0,0,0,0,1,0,0,0,0
2019-09-30, Monthly,0.3939275475632005,0.02154010853154173,0.8874071573261312,0,0,0,0,0,0,0,0,0,0,0,0,0,0,0,0,0,0,0,0,0,0,0,1,0,0,0,0
2019-11-30, Monthly,0.32903309877508474,0.022638448766140212,0.860229574611749,0,0,0,0,0,0,0,0,0,0,0,0,0,0,0,0,0,0,0,0,0,0,0,1,0,0,0,0
2019-12-31, Monthly,0.3457127964555643,0.021812807440958232,0.8387913571910872,0,0,0,0,0,0,0,0,0,0,0,0,0,0,0,0,0,0,0,0,0,0,0,1,0,0,0,0
2020-04-30, Monthly,0.5686734427938495,0.013682246813331744,0.6634031060094532,0,0,0,0,0,0,0,0,0,0,0,0,0,0,0,0,0,0,0,0,0,0,0,1,0,0,0,0
2020-05-31, Monthly,0.191686213187386,0.01885862757133802,0.5666779203241054,0,0,0,0,0,0,0,0,0,0,0,0,0,0,0,0,0,0,0,0,0,0,0,1,0,0,0,0
2020-06-30, Monthly,0.24550430023455827,0.023127098095002407,0.7834233625928427,0,0,0,0,0,0,0,0,0,0,0,0,0,0,0,0,0,0,0,0,0,0,0,1,0,0,0,0
2019-05-31, Monthly,0.021240552514985633,0.04501880671199707,0.40749493585415264,0,0,0,0,0,0,0,0,0,0,0,0,0,0,0,0,0,0,0,0,0,0,0,0,0,1,0,0
2019-06-30, Monthly,0.06059421422986709,0.04312738719520949,0.399729912221472,0,0,0,0,0,0,0,0,0,0,0,0,0,0,0,0,0,0,0,0,0,0,0,0,0,1,0,0
2019-07-31, Monthly,0.07479801928590044,0.04266751667667547,0.39905469277515193,0,0,0,0,0,0,0,0,0,0,0,0,0,0,0,0,0,0,0,0,0,0,0,0,0,1,0,0
2019-08-31, Monthly,0.07961949439666406,0.04071808030289653,0.37238352464550983,0,0,0,0,0,0,0,0,0,0,0,0,0,0,0,0,0,0,0,0,0,0,0,0,0,1,0,0
2019-09-30, Monthly,0.04521761793067501,0.04610787474630745,0.4297771775827144,0,0,0,0,0,0,0,0,0,0,0,0,0,0,0,0,0,0,0,0,0,0,0,0,0,1,0,0
2019-10-31, Monthly,0.06293979671618452,0.04326098123190758,0.39787305874409185,0,0,0,0,0,0,0,0,0,0,0,0,0,0,0,0,0,0,0,0,0,0,0,0,0,1,0,0
2019-11-30, Monthly,0.07245243679958299,0.042811607543888394,0.3950033760972316,0,0,0,0,0,0,0,0,0,0,0,0,0,0,0,0,0,0,0,0,0,0,0,0,0,1,0,0
2019-12-31, Monthly,0.05890018243419337,0.04150941011333319,0.3690074274139095,0,0,0,0,0,0,0,0,0,0,0,0,0,0,0,0,0,0,0,0,0,0,0,0,0,1,0,0
2020-01-31, Monthly,0.05433932759968724,0.042358341281219944,0.37744767049291017,0,0,0,0,0,0,0,0,0,0,0,0,0,0,0,0,0,0,0,0,0,0,0,0,0,1,0,0
2020-02-29, Monthly,0.063200416992442,0.04391399343191446,0.4022619851451722,0,0,0,0,0,0,0,0,0,0,0,0,0,0,0,0,0,0,0,0,0,0,0,0,0,1,0,0
2020-04-30, Monthly,0.04769351055512118,0.04204536078470281,0.36647535449020935,0,0,0,0,0,0,0,0,0,0,0,0,0,0,0,0,0,0,0,0,0,0,0,0,0,1,0,0
2020-05-31, Monthly,0.04652071931196246,0.04080778446700452,0.3479068197164078,0,0,0,0,0,0,0,0,0,0,0,0,0,0,0,0,0,0,0,0,0,0,0,0,0,1,0,0
2020-06-30, Monthly,0.13956215793588742,0.03555847260531704,0.3151586765698853,0,0,0,0,0,0,0,0,0,0,0,0,0,0,0,0,0,0,0,0,0,0,0,0,0,1,0,0
2019-05-31, Monthly,0.07844670315350534,0.5117960429092062,0.5584064821066846,0,0,0,0,0,0,0,0,0,0,0,0,0,0,0,0,0,0,0,0,0,0,0,0,0,0,1,0
2019-06-30, Monthly,0.07623143080531664,0.557513894796697,0.62508440243079,0,0,0,0,0,0,0,0,0,0,0,0,0,0,0,0,0,0,0,0,0,0,0,0,0,0,1,0
2019-07-31, Monthly,0.07323429762835548,0.5425196535109963,0.5984132343011479,0,0,0,0,0,0,0,0,0,0,0,0,0,0,0,0,0,0,0,0,0,0,0,0,0,0,1,0
2019-08-31, Monthly,0.0727130570758405,0.5439852734716293,0.5985820391627279,0,0,0,0,0,0,0,0,0,0,0,0,0,0,0,0,0,0,0,0,0,0,0,0,0,0,1,0
2019-09-30, Monthly,0.06854313265572061,0.558985812855639,0.6168129642133694,0,0,0,0,0,0,0,0,0,0,0,0,0,0,0,0,0,0,0,0,0,0,0,0,0,0,1,0
2019-10-31, Monthly,0.08835027365129007,0.5314807273052675,0.586765698852127,0,0,0,0,0,0,0,0,0,0,0,0,0,0,0,0,0,0,0,0,0,0,0,0,0,0,1,0
2019-11-30, Monthly,0.07597081052905916,0.5594141272774378,0.6190074274139096,0,0,0,0,0,0,0,0,0,0,0,0,0,0,0,0,0,0,0,0,0,0,0,0,0,0,1,0
2019-12-31, Monthly,0.07544956997654417,0.5435787837099425,0.5931802835921675,0,0,0,0,0,0,0,0,0,0,0,0,0,0,0,0,0,0,0,0,0,0,0,0,0,0,1,0
2020-01-31, Monthly,0.08848058378941881,0.5371479879686204,0.5903106009453072,0,0,0,0,0,0,0,0,0,0,0,0,0,0,0,0,0,0,0,0,0,0,0,0,0,0,1,0
2020-02-29, Monthly,0.04925723221266613,0.5695315411059492,0.6107359891964889,0,0,0,0,0,0,0,0,0,0,0,0,0,0,0,0,0,0,0,0,0,0,0,0,0,0,1,0
2020-03-31, Monthly,0.09147771696637998,0.5477681781103951,0.6051654287643484,0,0,0,0,0,0,0,0,0,0,0,0,0,0,0,0,0,0,0,0,0,0,0,0,0,0,1,0
2020-04-30, Monthly,0.23872817305186345,0.3846640081548127,0.43787981093855516,0,0,0,0,0,0,0,0,0,0,0,0,0,0,0,0,0,0,0,0,0,0,0,0,0,0,1,0
2020-05-31, Monthly,0.24016158457127967,0.41695055308346696,0.4929101958136395,0,0,0,0,0,0,0,0,0,0,0,0,0,0,0,0,0,0,0,0,0,0,0,0,0,0,1,0
2020-06-30, Monthly,0.06437320823560073,0.4630953854205454,0.4576299797434166,0,0,0,0,0,0,0,0,0,0,0,0,0,0,0,0,0,0,0,0,0,0,0,0,0,0,1,0
2019-05-31,Monthly,0.07935887412040656,0.10363960322068128,0.40715732613099265,0,0,0,0,0,0,0,0,0,0,0,0,0,0,0,0,0,0,0,0,0,0,0,0,0,0,0,1
2019-06-30,Monthly,0.049517852488923625,0.10442618758898935,0.3955097906819717,0,0,0,0,0,0,0,0,0,0,0,0,0,0,0,0,0,0,0,0,0,0,0,0,0,0,0,1
2019-07-31,Monthly,0.07349491790461297,0.10077007591548381,0.3843686698176908,0,0,0,0,0,0,0,0,0,0,0,0,0,0,0,0,0,0,0,0,0,0,0,0,0,0,0,1
2019-08-31,Monthly,0.06007297367735211,0.10264498479260745,0.38757596218771106,0,0,0,0,0,0,0,0,0,0,0,0,0,0,0,0,0,0,0,0,0,0,0,0,0,0,0,1
2019-09-30,Monthly,0.07831639301537659,0.10244416730382064,0.3943281566509116,0,0,0,0,0,0,0,0,0,0,0,0,0,0,0,0,0,0,0,0,0,0,0,0,0,0,0,1
2019-10-31,Monthly,0.061245764920510815,0.1033272350392775,0.38960162052667113,0,0,0,0,0,0,0,0,0,0,0,0,0,0,0,0,0,0,0,0,0,0,0,0,0,0,0,1
2019-11-30,Monthly,0.09825384414907479,0.10101782298403067,0.39314652261985145,0,0,0,0,0,0,0,0,0,0,0,0,0,0,0,0,0,0,0,0,0,0,0,0,0,0,0,1
2019-12-31,Monthly,0.10268438884545217,0.10637975708978348,0.4267386900742742,0,0,0,0,0,0,0,0,0,0,0,0,0,0,0,0,0,0,0,0,0,0,0,0,0,0,0,1
2020-01-31,Monthly,0.09265050820953871,0.09992632755766373,0.3811613774476705,0,0,0,0,0,0,0,0,0,0,0,0,0,0,0,0,0,0,0,0,0,0,0,0,0,0,0,1
2020-02-29,Monthly,0.07375553818087048,0.10436943909901855,0.39686022957461187,0,0,0,0,0,0,0,0,0,0,0,0,0,0,0,0,0,0,0,0,0,0,0,0,0,0,0,1
2020-03-31,Monthly,0.12874641647120147,0.09779802956559153,0.38403106009453075,0,0,0,0,0,0,0,0,0,0,0,0,0,0,0,0,0,0,0,0,0,0,0,0,0,0,0,1
2020-04-30,Monthly,0.42090174615585096,0.054554302498842674,0.23024983119513848,0,0,0,0,0,0,0,0,0,0,0,0,0,0,0,0,0,0,0,0,0,0,0,0,0,0,0,1
2020-05-31,Monthly,0.32460255407870736,0.07389191356761049,0.32680621201890614,0,0,0,0,0,0,0,0,0,0,0,0,0,0,0,0,0,0,0,0,0,0,0,0,0,0,0,1
2020-06-30,Monthly,0.0763617409434454,0.10726380890310111,0.4098582039162728,0,0,0,0,0,0,0,0,0,0,0,0,0,0,0,0,0,0,0,0,0,0,0,0,0,0,0,1
2019-05-31,Monthly,0.10255407870732343,0.03547681601127044,0.5332545577312627,1,0,0,0,0,0,0,0,0,0,0,0,0,0,0,0,0,0,0,0,0,0,0,0,0,0,0,1
2019-06-30,Monthly,0.12887672660933022,0.03494399252065837,0.5374746792707631,1,0,0,0,0,0,0,0,0,0,0,0,0,0,0,0,0,0,0,0,0,0,0,0,0,0,0,1
2019-07-31,Monthly,0.0418295543393276,0.03696673176086583,0.523126266036462,1,0,0,0,0,0,0,0,0,0,0,0,0,0,0,0,0,0,0,0,0,0,0,0,0,0,0,1
2019-08-31,Monthly,0.13539223351576754,0.03381208429680933,0.5145172180958812,1,0,0,0,0,0,0,0,0,0,0,0,0,0,0,0,0,0,0,0,0,0,0,0,0,0,0,1
2019-09-30,Monthly,0.12066718790721918,0.033394354179112976,0.4951046590141796,1,0,0,0,0,0,0,0,0,0,0,0,0,0,0,0,0,0,0,0,0,0,0,0,0,0,0,1
2019-10-31,Monthly,0.14555642428980975,0.03380320572766554,0.5178933153274814,1,0,0,0,0,0,0,0,0,0,0,0,0,0,0,0,0,0,0,0,0,0,0,0,0,0,0,1
2019-11-30,Monthly,0.08222569715923898,0.03627146981803678,0.5276839972991223,1,0,0,0,0,0,0,0,0,0,0,0,0,0,0,0,0,0,0,0,0,0,0,0,0,0,0,1
2019-12-31,Monthly,0.06541568934063069,0.036583269421121,0.5221134368669818,1,0,0,0,0,0,0,0,0,0,0,0,0,0,0,0,0,0,0,0,0,0,0,0,0,0,0,1
2020-01-31,Monthly,0.0943445400052124,0.03458460728590691,0.4978055367994599,1,0,0,0,0,0,0,0,0,0,0,0,0,0,0,0,0,0,0,0,0,0,0,0,0,0,0,1
2020-02-29,Monthly,0.13004951785248894,0.034465337049182185,0.5160364618501013,1,0,0,0,0,0,0,0,0,0,0,0,0,0,0,0,0,0,0,0,0,0,0,0,0,0,0,1
2020-03-31,Monthly,0.1347406828251238,0.035311447193868084,0.5351114112086429,1,0,0,0,0,0,0,0,0,0,0,0,0,0,0,0,0,0,0,0,0,0,0,0,0,0,0,1
2020-04-30,Monthly,0.10906958561376075,0.03073681911352122,0.424037812288994,1,0,0,0,0,0,0,0,0,0,0,0,0,0,0,0,0,0,0,0,0,0,0,0,0,0,0,1
2020-05-31,Monthly,0.14034401876465988,0.03044741274886864,0.43399729912221474,1,0,0,0,0,0,0,0,0,0,0,0,0,0,0,0,0,0,0,0,0,0,0,0,0,0,0,1
2020-06-30,Monthly,0.04456606724003126,0.03283730050472916,0.4287643484132343,1,0,0,0,0,0,0,0,0,0,0,0,0,0,0,0,0,0,0,0,0,0,0,0,0,0,0,1
2019-05-31,Monthly,0.25931717487620537,0.0651661607813963,0.44682646860229575,0,1,0,0,0,0,0,0,0,0,0,0,0,0,0,0,0,0,0,0,0,0,0,0,0,0,0,1
2019-06-30,Monthly,0.173182173573104,0.06996671127017794,0.43923024983119524,0,1,0,0,0,0,0,0,0,0,0,0,0,0,0,0,0,0,0,0,0,0,0,0,0,0,0,1
2019-07-31,Monthly,0.2138389366692729,0.06583096004733545,0.4225185685347738,0,1,0,0,0,0,0,0,0,0,0,0,0,0,0,0,0,0,0,0,0,0,0,0,0,0,0,1
2019-08-31,Monthly,0.2301277039353662,0.06440992974799362,0.41694800810263344,0,1,0,0,0,0,0,0,0,0,0,0,0,0,0,0,0,0,0,0,0,0,0,0,0,0,0,1
2019-09-30,Monthly,0.2666145426114152,0.06435130057588892,0.43754220121539505,0,1,0,0,0,0,0,0,0,0,0,0,0,0,0,0,0,0,0,0,0,0,0,0,0,0,0,1
2019-10-31,Monthly,0.1832160542090175,0.0683170687495819,0.424037812288994,0,1,0,0,0,0,0,0,0,0,0,0,0,0,0,0,0,0,0,0,0,0,0,0,0,0,0,1
2019-11-30,Monthly,0.22960646338285123,0.06629747855852888,0.43095881161377453,0,1,0,0,0,0,0,0,0,0,0,0,0,0,0,0,0,0,0,0,0,0,0,0,0,0,0,1
2019-12-31,Monthly,0.1942924159499609,0.0640402226299026,0.38757596218771106,0,1,0,0,0,0,0,0,0,0,0,0,0,0,0,0,0,0,0,0,0,0,0,0,0,0,0,1
2020-01-31,Monthly,0.26961167578837636,0.0642765762636615,0.43315327481431476,0,1,0,0,0,0,0,0,0,0,0,0,0,0,0,0,0,0,0,0,0,0,0,0,0,0,0,1
2020-02-29,Monthly,0.19689861871253583,0.06700573032912002,0.41424713031735316,0,1,0,0,0,0,0,0,0,0,0,0,0,0,0,0,0,0,0,0,0,0,0,0,0,0,0,1
2020-03-31,Monthly,0.20497784727651813,0.06560993615980759,0.40445644834571237,0,1,0,0,0,0,0,0,0,0,0,0,0,0,0,0,0,0,0,0,0,0,0,0,0,0,0,1
2020-05-31,Monthly,0.4934844930935627,0.04718338437453619,0.39027683997299134,0,1,0,0,0,0,0,0,0,0,0,0,0,0,0,0,0,0,0,0,0,0,0,0,0,0,0,1
2020-06-30,Monthly,0.16223612197028928,0.06725063450606912,0.39179608372721136,0,1,0,0,0,0,0,0,0,0,0,0,0,0,0,0,0,0,0,0,0,0,0,0,0,0,0,1
2019-05-31,Monthly,0.2391191034662497,0.006530384420831564,0.5327481431465226,0,0,1,0,0,0,0,0,0,0,0,0,0,0,0,0,0,0,0,0,0,0,0,0,0,0,0,1
2019-06-30,Monthly,0.16158457127964557,0.006292084499748052,0.4576299797434166,0,0,1,0,0,0,0,0,0,0,0,0,0,0,0,0,0,0,0,0,0,0,0,0,0,0,0,1
2019-07-31,Monthly,0.2840761011206672,0.00535686063767063,0.44125590817015536,0,0,1,0,0,0,0,0,0,0,0,0,0,0,0,0,0,0,0,0,0,0,0,0,0,0,0,1
2019-08-31,Monthly,0.12405525149856658,0.006098264897971134,0.41559756920999336,0,0,1,0,0,0,0,0,0,0,0,0,0,0,0,0,0,0,0,0,0,0,0,0,0,0,0,1
2019-09-30,Monthly,0.26244461819129533,0.0060754561599982715,0.49696151249155984,0,0,1,0,0,0,0,0,0,0,0,0,0,0,0,0,0,0,0,0,0,0,0,0,0,0,0,1
2019-10-31,Monthly,0.18230388324211624,0.0061545541516069,0.4512153950033762,0,0,1,0,0,0,0,0,0,0,0,0,0,0,0,0,0,0,0,0,0,0,0,0,0,0,0,1
2019-11-30,Monthly,0.2873338545738859,0.005252198490079019,0.42656988521269423,0,0,1,0,0,0,0,0,0,0,0,0,0,0,0,0,0,0,0,0,0,0,0,0,0,0,0,1
2019-12-31,Monthly,0.10854834506124578,0.005723528048591747,0.3690074274139095,0,0,1,0,0,0,0,0,0,0,0,0,0,0,0,0,0,0,0,0,0,0,0,0,0,0,0,1
2020-01-31,Monthly,0.26062027625749284,0.006180927438275419,0.49983119513842,0,0,1,0,0,0,0,0,0,0,0,0,0,0,0,0,0,0,0,0,0,0,0,0,0,0,0,1
2020-02-29,Monthly,0.2172270002606203,0.005849074515228481,0.43754220121539505,0,0,1,0,0,0,0,0,0,0,0,0,0,0,0,0,0,0,0,0,0,0,0,0,0,0,0,1
2020-03-31,Monthly,0.2792546260099036,0.005038894146658951,0.3941593517893316,0,0,1,0,0,0,0,0,0,0,0,0,0,0,0,0,0,0,0,0,0,0,0,0,0,0,0,1
2020-06-30,Monthly,0.09408391972895491,0.005622036818551501,0.34554355165428763,0,0,1,0,0,0,0,0,0,0,0,0,0,0,0,0,0,0,0,0,0,0,0,0,0,0,0,1
2019-05-31,Monthly,0.12731300495178524,0.04753553116991177,0.5449020931802836,0,0,0,1,0,0,0,0,0,0,0,0,0,0,0,0,0,0,0,0,0,0,0,0,0,0,0,1
2019-06-30,Monthly,0.15337503257753454,0.046855227210566355,0.5494598244429441,0,0,0,1,0,0,0,0,0,0,0,0,0,0,0,0,0,0,0,0,0,0,0,0,0,0,0,1
2019-07-31,Monthly,0.10646338285118581,0.04889808537592724,0.548953409858204,0,0,0,1,0,0,0,0,0,0,0,0,0,0,0,0,0,0,0,0,0,0,0,0,0,0,0,1
2019-08-31,Monthly,0.08196507688298149,0.05123721658256919,0.5668467251856854,0,0,0,1,0,0,0,0,0,0,0,0,0,0,0,0,0,0,0,0,0,0,0,0,0,0,0,1
2019-09-30,Monthly,0.12327339066979412,0.04946821635166078,0.5649898717083052,0,0,0,1,0,0,0,0,0,0,0,0,0,0,0,0,0,0,0,0,0,0,0,0,0,0,0,1
2019-10-31,Monthly,0.13382851185822256,0.04915307088384996,0.5653274814314653,0,0,0,1,0,0,0,0,0,0,0,0,0,0,0,0,0,0,0,0,0,0,0,0,0,0,0,1
2019-11-30,Monthly,0.10841803492311702,0.05011939160632756,0.561444969615125,0,0,0,1,0,0,0,0,0,0,0,0,0,0,0,0,0,0,0,0,0,0,0,0,0,0,0,1
2019-12-31,Monthly,0.04652071931196246,0.051740976973693356,0.5445644834571237,0,0,0,1,0,0,0,0,0,0,0,0,0,0,0,0,0,0,0,0,0,0,0,0,0,0,0,1
2020-01-31,Monthly,0.11740943445400052,0.0495658587438456,0.5550303848750845,0,0,0,1,0,0,0,0,0,0,0,0,0,0,0,0,0,0,0,0,0,0,0,0,0,0,0,1
2020-02-29,Monthly,0.12757362522804272,0.050264969524530106,0.5707292370020257,0,0,0,1,0,0,0,0,0,0,0,0,0,0,0,0,0,0,0,0,0,0,0,0,0,0,0,1
2020-03-31,Monthly,0.10698462340370082,0.05156762619142033,0.5749493585415261,0,0,0,1,0,0,0,0,0,0,0,0,0,0,0,0,0,0,0,0,0,0,0,0,0,0,0,1
2020-04-30,Monthly,0.2623143080531666,0.022233730344602853,0.18112761647535452,0,0,0,1,0,0,0,0,0,0,0,0,0,0,0,0,0,0,0,0,0,0,0,0,0,0,0,1
2020-05-31,Monthly,0.3140474328902789,0.026829701980329856,0.28544902093180285,0,0,0,1,0,0,0,0,0,0,0,0,0,0,0,0,0,0,0,0,0,0,0,0,0,0,0,1
2020-06-30,Monthly,0.35274954391451663,0.03395748726783662,0.4402430790006752,0,0,0,1,0,0,0,0,0,0,0,0,0,0,0,0,0,0,0,0,0,0,0,0,0,0,0,1
2019-05-31,Monthly,0.16041178003648685,0.12480414390376121,0.5205941931127618,0,0,0,0,1,0,0,0,0,0,0,0,0,0,0,0,0,0,0,0,0,0,0,0,0,0,0,1
2019-06-30,Monthly,0.16627573625228043,0.12029262801688477,0.49594868332207975,0,0,0,0,1,0,0,0,0,0,0,0,0,0,0,0,0,0,0,0,0,0,0,0,0,0,0,1
2019-07-31,Monthly,0.19129528277299973,0.11685751836251018,0.4897029034436193,0,0,0,0,1,0,0,0,0,0,0,0,0,0,0,0,0,0,0,0,0,0,0,0,0,0,0,1
2019-08-31,Monthly,0.17617930675006516,0.12034375632885075,0.49915597569209996,0,0,0,0,1,0,0,0,0,0,0,0,0,0,0,0,0,0,0,0,0,0,0,0,0,0,0,1
2019-09-30,Monthly,0.2683085744070889,0.1223062918723763,0.574442943956786,0,0,0,0,1,0,0,0,0,0,0,0,0,0,0,0,0,0,0,0,0,0,0,0,0,0,0,1
2019-10-31,Monthly,0.16171488141777432,0.13079363539552244,0.5477717758271439,0,0,0,0,1,0,0,0,0,0,0,0,0,0,0,0,0,0,0,0,0,0,0,0,0,0,0,1
2019-11-30,Monthly,0.20992963252541047,0.11787459563420637,0.5011816340310602,0,0,0,0,1,0,0,0,0,0,0,0,0,0,0,0,0,0,0,0,0,0,0,0,0,0,0,1
2019-12-31,Monthly,0.1442533229085223,0.12397012698256427,0.4934166103983796,0,0,0,0,1,0,0,0,0,0,0,0,0,0,0,0,0,0,0,0,0,0,0,0,0,0,0,1
2020-01-31,Monthly,0.2925462600990357,0.12242088227216319,0.586765698852127,0,0,0,0,1,0,0,0,0,0,0,0,0,0,0,0,0,0,0,0,0,0,0,0,0,0,0,1
2020-02-29,Monthly,0.19364086525931717,0.1237617211600511,0.5207629979743417,0,0,0,0,1,0,0,0,0,0,0,0,0,0,0,0,0,0,0,0,0,0,0,0,0,0,0,1
2020-03-31,Monthly,0.22270002606202766,0.11703904792522601,0.4978055367994599,0,0,0,0,1,0,0,0,0,0,0,0,0,0,0,0,0,0,0,0,0,0,0,0,0,0,0,1
2020-04-30,Monthly,0.21514203805056037,0.0646072701616724,0.17319378798109386,0,0,0,0,1,0,0,0,0,0,0,0,0,0,0,0,0,0,0,0,0,0,0,0,0,0,0,1
2020-06-30,Monthly,0.23599166015115977,0.0931022286979891,0.35432140445644844,0,0,0,0,1,0,0,0,0,0,0,0,0,0,0,0,0,0,0,0,0,0,0,0,0,0,0,1
2019-05-31,Monthly,0.03583528798540525,0.00471121808742106,0.3517893315327483,0,0,0,0,0,1,0,0,0,0,0,0,0,0,0,0,0,0,0,0,0,0,0,0,0,0,0,1
2019-06-30,Monthly,0.173703414125619,0.005567584510255824,0.5170492910195814,0,0,0,0,0,1,0,0,0,0,0,0,0,0,0,0,0,0,0,0,0,0,0,0,0,0,0,1
2019-07-31,Monthly,0.16002084962210059,0.005050440660225253,0.45020256583389606,0,0,0,0,0,1,0,0,0,0,0,0,0,0,0,0,0,0,0,0,0,0,0,0,0,0,0,1
2019-08-31,Monthly,0.06385196768308575,0.004239341818985692,0.3146522619851452,0,0,0,0,0,1,0,0,0,0,0,0,0,0,0,0,0,0,0,0,0,0,0,0,0,0,0,1
2019-09-30,Monthly,0.04117800364868386,0.005690659848042207,0.448852126941256,0,0,0,0,0,1,0,0,0,0,0,0,0,0,0,0,0,0,0,0,0,0,0,0,0,0,0,1
2019-10-31,Monthly,0.16041178003648685,0.005266872184402888,0.4716407832545578,0,0,0,0,0,1,0,0,0,0,0,0,0,0,0,0,0,0,0,0,0,0,0,0,0,0,0,1
2019-11-30,Monthly,0.328381548084441,0.004858982845314164,0.5383187035786631,0,0,0,0,0,1,0,0,0,0,0,0,0,0,0,0,0,0,0,0,0,0,0,0,0,0,0,1
2019-12-31,Monthly,0.2113630440448267,0.005220729866931451,0.49696151249155984,0,0,0,0,0,1,0,0,0,0,0,0,0,0,0,0,0,0,0,0,0,0,0,0,0,0,0,1
2020-01-31,Monthly,0.1422986708365911,0.004557242704806647,0.38183659689399063,0,0,0,0,0,1,0,0,0,0,0,0,0,0,0,0,0,0,0,0,0,0,0,0,0,0,0,1
2020-02-29,Monthly,0.05616366953348968,0.005619653163288746,0.44564483457123566,0,0,0,0,0,1,0,0,0,0,0,0,0,0,0,0,0,0,0,0,0,0,0,0,0,0,0,1
2020-03-31,Monthly,0.06202762574928329,0.004978843528755383,0.3835246455097907,0,0,0,0,0,1,0,0,0,0,0,0,0,0,0,0,0,0,0,0,0,0,0,0,0,0,0,1
2020-04-30,Monthly,0.1532447224394058,0.005894342096823685,0.5302160702228225,0,0,0,0,0,1,0,0,0,0,0,0,0,0,0,0,0,0,0,0,0,0,0,0,0,0,0,1
2019-05-31,Monthly,0.05329684649465727,0.2107487588208639,0.47839297771775835,0,0,0,0,0,0,1,0,0,0,0,0,0,0,0,0,0,0,0,0,0,0,0,0,0,0,0,1
2019-06-30,Monthly,0.08222569715923898,0.22077338504130362,0.5273463875759623,0,0,0,0,0,0,1,0,0,0,0,0,0,0,0,0,0,0,0,0,0,0,0,0,0,0,0,1
2019-07-31,Monthly,0.0671097211363044,0.2138423715891561,0.4930790006752195,0,0,0,0,0,0,1,0,0,0,0,0,0,0,0,0,0,0,0,0,0,0,0,0,0,0,0,1
2019-08-31,Monthly,0.054730258014073496,0.22259259511150797,0.5129979743416611,0,0,0,0,0,0,1,0,0,0,0,0,0,0,0,0,0,0,0,0,0,0,0,0,0,0,0,1
2019-09-30,Monthly,0.07766484232473286,0.2090732241183313,0.47974341661039843,0,0,0,0,0,0,1,0,0,0,0,0,0,0,0,0,0,0,0,0,0,0,0,0,0,0,0,1
2019-10-31,Monthly,0.07101902528016679,0.22797359845936271,0.536968264686023,0,0,0,0,0,0,1,0,0,0,0,0,0,0,0,0,0,0,0,0,0,0,0,0,0,0,0,1
2019-11-30,Monthly,0.09812353401094605,0.21533174062882882,0.5092842673869008,0,0,0,0,0,0,1,0,0,0,0,0,0,0,0,0,0,0,0,0,0,0,0,0,0,0,0,1
2019-12-31,Monthly,0.07440708887151419,0.22138235428994202,0.5135043889264012,0,0,0,0,0,0,1,0,0,0,0,0,0,0,0,0,0,0,0,0,0,0,0,0,0,0,0,1
2020-01-31,Monthly,0.0758405003909304,0.21376535109525352,0.487170830519919,0,0,0,0,0,0,1,0,0,0,0,0,0,0,0,0,0,0,0,0,0,0,0,0,0,0,0,1
2020-02-29,Monthly,0.07870732342976285,0.2347645229609311,0.5567184334908847,0,0,0,0,0,0,1,0,0,0,0,0,0,0,0,0,0,0,0,0,0,0,0,0,0,0,0,1
2020-03-31,Monthly,0.07023716445139432,0.21941887840534952,0.49915597569209996,0,0,0,0,0,0,1,0,0,0,0,0,0,0,0,0,0,0,0,0,0,0,0,0,0,0,0,1
2020-04-30,Monthly,0.33802449830596826,0.14546560211602108,0.38825118163403105,0,0,0,0,0,0,1,0,0,0,0,0,0,0,0,0,0,0,0,0,0,0,0,0,0,0,0,1
2020-05-31,Monthly,0.15142038050560333,0.13172113971349209,0.23953409858203922,0,0,0,0,0,0,1,0,0,0,0,0,0,0,0,0,0,0,0,0,0,0,0,0,0,0,0,1
2020-06-30,Monthly,0.05916080271045086,0.2301712411380235,0.5221134368669818,0,0,0,0,0,0,1,0,0,0,0,0,0,0,0,0,0,0,0,0,0,0,0,0,0,0,0,1
2019-05-31,Monthly,0.32147511076361746,0.05782389025703655,0.5038825118163404,0,0,0,0,0,0,0,1,0,0,0,0,0,0,0,0,0,0,0,0,0,0,0,0,0,0,0,1
2019-06-30,Monthly,0.26609330205890025,0.06113900801758848,0.5018568534773803,0,0,0,0,0,0,0,1,0,0,0,0,0,0,0,0,0,0,0,0,0,0,0,0,0,0,0,1
2019-07-31,Monthly,0.33163930153765964,0.051534036333772876,0.42943956785955445,0,0,0,0,0,0,0,1,0,0,0,0,0,0,0,0,0,0,0,0,0,0,0,0,0,0,0,1
2019-08-31,Monthly,0.31522022413343764,0.05409333856046335,0.44800810263335583,0,0,0,0,0,0,0,1,0,0,0,0,0,0,0,0,0,0,0,0,0,0,0,0,0,0,0,1
2019-09-30,Monthly,0.3497524107375554,0.05743607610630745,0.5126603646185011,0,0,0,0,0,0,0,1,0,0,0,0,0,0,0,0,0,0,0,0,0,0,0,0,0,0,0,1
2019-10-31,Monthly,0.2741725306228825,0.06061998348542402,0.4937542201215395,0,0,0,0,0,0,0,1,0,0,0,0,0,0,0,0,0,0,0,0,0,0,0,0,0,0,0,1
2019-11-30,Monthly,0.3526192337763878,0.05149611653353807,0.43636056718433497,0,0,0,0,0,0,0,1,0,0,0,0,0,0,0,0,0,0,0,0,0,0,0,0,0,0,0,1
2019-12-31,Monthly,0.3081834766744853,0.05465819925254256,0.4429439567859555,0,0,0,0,0,0,0,1,0,0,0,0,0,0,0,0,0,0,0,0,0,0,0,0,0,0,0,1
2020-01-31,Monthly,0.35496481626270526,0.0564536602437071,0.4966239027683998,0,0,0,0,0,0,0,1,0,0,0,0,0,0,0,0,0,0,0,0,0,0,0,0,0,0,0,1
2020-02-29,Monthly,0.3034923117018504,0.05911933035294782,0.4893652937204592,0,0,0,0,0,0,0,1,0,0,0,0,0,0,0,0,0,0,0,0,0,0,0,0,0,0,0,1
2020-03-31,Monthly,0.35366171488141784,0.048678767223358066,0.3950033760972316,0,0,0,0,0,0,0,1,0,0,0,0,0,0,0,0,0,0,0,0,0,0,0,0,0,0,0,1
2020-05-31,Monthly,0.5011727912431588,0.04294216187341658,0.4209993247805538,0,0,0,0,0,0,0,1,0,0,0,0,0,0,0,0,0,0,0,0,0,0,0,0,0,0,0,1
2020-06-30,Monthly,0.3832421162366433,0.04930706813486127,0.41796083727211353,0,0,0,0,0,0,0,1,0,0,0,0,0,0,0,0,0,0,0,0,0,0,0,0,0,0,0,1
2019-05-31,Monthly,0.1417774302840761,0.004291629155987686,0.5391627278865633,0,0,0,0,0,0,0,0,1,0,0,0,0,0,0,0,0,0,0,0,0,0,0,0,0,0,0,1
2019-06-30,Monthly,0.2792546260099036,0.004114670088225192,0.611917623227549,0,0,0,0,0,0,0,0,1,0,0,0,0,0,0,0,0,0,0,0,0,0,0,0,0,0,0,1
2019-07-31,Monthly,0.2802971071149336,0.004077887444629474,0.6058406482106685,0,0,0,0,0,0,0,0,1,0,0,0,0,0,0,0,0,0,0,0,0,0,0,0,0,0,0,1
2019-08-31,Monthly,0.3189992181391713,0.004087094039726874,0.6387575962187713,0,0,0,0,0,0,0,0,1,0,0,0,0,0,0,0,0,0,0,0,0,0,0,0,0,0,0,1
2019-09-30,Monthly,0.1563721657544957,0.004325350224016589,0.549291019581364,0,0,0,0,0,0,0,0,1,0,0,0,0,0,0,0,0,0,0,0,0,0,0,0,0,0,0,1
2019-10-31,Monthly,0.30974719833203024,0.0039997735308816285,0.6137744767049291,0,0,0,0,0,0,0,0,1,0,0,0,0,0,0,0,0,0,0,0,0,0,0,0,0,0,0,1
2019-11-30,Monthly,0.35535574667709147,0.004015234487494107,0.6556380823767726,0,0,0,0,0,0,0,0,1,0,0,0,0,0,0,0,0,0,0,0,0,0,0,0,0,0,0,1
2019-12-31,Monthly,0.32994526974198596,0.004197551312498521,0.662052667116813,0,0,0,0,0,0,0,0,1,0,0,0,0,0,0,0,0,0,0,0,0,0,0,0,0,0,0,1
2020-01-31,Monthly,0.23651290070367476,0.0043119230283163446,0.6007765023632682,0,0,0,0,0,0,0,0,1,0,0,0,0,0,0,0,0,0,0,0,0,0,0,0,0,0,0,1
2020-02-29,Monthly,0.3558769872296065,0.0039009721136608055,0.6328494260634707,0,0,0,0,0,0,0,0,1,0,0,0,0,0,0,0,0,0,0,0,0,0,0,0,0,0,0,1
2020-03-31,Monthly,0.3445400052124056,0.0037616266885764638,0.5977380148548279,0,0,0,0,0,0,0,0,1,0,0,0,0,0,0,0,0,0,0,0,0,0,0,0,0,0,0,1
2020-04-30,Monthly,0.03518373729476151,0.002132977829010091,0.187204591492235,0,0,0,0,0,0,0,0,1,0,0,0,0,0,0,0,0,0,0,0,0,0,0,0,0,0,0,1
2020-06-30,Monthly,0.1408652593171749,0.003837510025839902,0.4613436866981769,0,0,0,0,0,0,0,0,1,0,0,0,0,0,0,0,0,0,0,0,0,0,0,0,0,0,0,1
2019-05-31,Monthly,0.30023455824863177,0.02363359203573978,0.5639770425388252,0,0,0,0,0,0,0,0,0,1,0,0,0,0,0,0,0,0,0,0,0,0,0,0,0,0,0,1
2019-06-30,Monthly,0.25905655459994786,0.02384519064420121,0.5374746792707631,0,0,0,0,0,0,0,0,0,1,0,0,0,0,0,0,0,0,0,0,0,0,0,0,0,0,0,1
2019-07-31,Monthly,0.28081834766744856,0.02480641603019973,0.5818703578663066,0,0,0,0,0,0,0,0,0,1,0,0,0,0,0,0,0,0,0,0,0,0,0,0,0,0,0,1
2019-10-31,Monthly,0.3135261923377639,0.02142374679160547,0.49459824442943967,0,0,0,0,0,0,0,0,0,1,0,0,0,0,0,0,0,0,0,0,0,0,0,0,0,0,0,1
2019-11-30,Monthly,0.18621318738597864,0.02574726007028197,0.5332545577312627,0,0,0,0,0,0,0,0,0,1,0,0,0,0,0,0,0,0,0,0,0,0,0,0,0,0,0,1
2019-12-31,Monthly,0.09147771696637998,0.025360014497872424,0.46218771100607703,0,0,0,0,0,0,0,0,0,1,0,0,0,0,0,0,0,0,0,0,0,0,0,0,0,0,0,1
2020-01-31,Monthly,0.24159499609069585,0.022527007415507783,0.47383524645509795,0,0,0,0,0,0,0,0,0,1,0,0,0,0,0,0,0,0,0,0,0,0,0,0,0,0,0,1
2020-02-29,Monthly,0.2587959343236904,0.022102301279198433,0.4709655638082377,0,0,0,0,0,0,0,0,0,1,0,0,0,0,0,0,0,0,0,0,0,0,0,0,0,0,0,1
2020-03-31,Monthly,0.18621318738597864,0.020746176381873288,0.386225523295071,0,0,0,0,0,0,0,0,0,1,0,0,0,0,0,0,0,0,0,0,0,0,0,0,0,0,0,1
2020-05-31,Monthly,0.16888193901485538,0.019419464478386578,0.337609723160027,0,0,0,0,0,0,0,0,0,1,0,0,0,0,0,0,0,0,0,0,0,0,0,0,0,0,0,1
2019-05-31,Monthly,0.2245243679958301,0.05149161164377544,0.5050641458474004,0,0,0,0,0,0,0,0,0,0,1,0,0,0,0,0,0,0,0,0,0,0,0,0,0,0,0,1
2019-06-30,Monthly,0.26726609330205897,0.04980507713759917,0.5094530722484808,0,0,0,0,0,0,0,0,0,0,1,0,0,0,0,0,0,0,0,0,0,0,0,0,0,0,0,1
2019-07-31,Monthly,0.20419598644774564,0.05215960369566286,0.4978055367994599,0,0,0,0,0,0,0,0,0,0,1,0,0,0,0,0,0,0,0,0,0,0,0,0,0,0,0,1
2019-08-31,Monthly,0.2638780297107115,0.04999084916931472,0.5067521944632006,0,0,0,0,0,0,0,0,0,0,1,0,0,0,0,0,0,0,0,0,0,0,0,0,0,0,0,1
2019-09-30,Monthly,0.2757362522804274,0.050476786816960564,0.5207629979743417,0,0,0,0,0,0,0,0,0,0,1,0,0,0,0,0,0,0,0,0,0,0,0,0,0,0,0,1
2019-10-31,Monthly,0.24824081313526197,0.05271980641920111,0.5315665091154625,0,0,0,0,0,0,0,0,0,0,1,0,0,0,0,0,0,0,0,0,0,0,0,0,0,0,0,1
2019-11-30,Monthly,0.22595777951524632,0.05193440294432597,0.5037137069547604,0,0,0,0,0,0,0,0,0,0,1,0,0,0,0,0,0,0,0,0,0,0,0,0,0,0,0,1
2019-12-31,Monthly,0.2868126140213709,0.04900161036687975,0.5032072923700204,0,0,0,0,0,0,0,0,0,0,1,0,0,0,0,0,0,0,0,0,0,0,0,0,0,0,0,1
2020-01-31,Monthly,0.29919207714360185,0.049857167659029006,0.5232950708980418,0,0,0,0,0,0,0,0,0,0,1,0,0,0,0,0,0,0,0,0,0,0,0,0,0,0,0,1
2020-02-29,Monthly,0.25632004169924427,0.053437680284430855,0.5416948008102634,0,0,0,0,0,0,0,0,0,0,1,0,0,0,0,0,0,0,0,0,0,0,0,0,0,0,0,1
2020-03-31,Monthly,0.2137086265311441,0.05316734316188022,0.5065833896016206,0,0,0,0,0,0,0,0,0,0,1,0,0,0,0,0,0,0,0,0,0,0,0,0,0,0,0,1
2020-06-30,Monthly,0.2525410476935106,0.04800200594431138,0.45746117488183663,0,0,0,0,0,0,0,0,0,0,1,0,0,0,0,0,0,0,0,0,0,0,0,0,0,0,0,1
2019-05-31,Monthly,0.08548345061245764,0.18782370284487507,0.46066846725185684,0,0,0,0,0,0,0,0,0,0,0,1,0,0,0,0,0,0,0,0,0,0,0,0,0,0,0,1
2019-06-30,Monthly,0.0651550690643732,0.19272788766659374,0.4652261985145173,0,0,0,0,0,0,0,0,0,0,0,1,0,0,0,0,0,0,0,0,0,0,0,0,0,0,0,1
2019-07-31,Monthly,0.029841021631482903,0.19000595017211414,0.4348413234301149,0,0,0,0,0,0,0,0,0,0,0,1,0,0,0,0,0,0,0,0,0,0,0,0,0,0,0,1
2019-08-31,Monthly,0.016549387542350774,0.18730107002722113,0.41711681296421343,0,0,0,0,0,0,0,0,0,0,0,1,0,0,0,0,0,0,0,0,0,0,0,0,0,0,0,1
2019-09-30,Monthly,0.04652071931196246,0.1880326553773109,0.4333220796758947,0,0,0,0,0,0,0,0,0,0,0,1,0,0,0,0,0,0,0,0,0,0,0,0,0,0,0,1
2019-10-31,Monthly,0.050430023455824854,0.19134473343069291,0.4451384199864957,0,0,0,0,0,0,0,0,0,0,0,1,0,0,0,0,0,0,0,0,0,0,0,0,0,0,0,1
2019-11-30,Monthly,0.04482668751628875,0.18729002648678367,0.42656988521269423,0,0,0,0,0,0,0,0,0,0,0,1,0,0,0,0,0,0,0,0,0,0,0,0,0,0,0,1
2019-12-31,Monthly,0.020328381548084418,0.1868207525575801,0.41070222822417285,0,0,0,0,0,0,0,0,0,0,0,1,0,0,0,0,0,0,0,0,0,0,0,0,0,0,0,1
2020-01-31,Monthly,0.04313265572061506,0.1902492360876922,0.4323092505064146,0,0,0,0,0,0,0,0,0,0,0,1,0,0,0,0,0,0,0,0,0,0,0,0,0,0,0,1
2020-02-29,Monthly,0.03752931978107896,0.19407417178531122,0.44091829844699537,0,0,0,0,0,0,0,0,0,0,0,1,0,0,0,0,0,0,0,0,0,0,0,0,0,0,0,1
2020-03-31,Monthly,0.06411258795934323,0.2006734853931902,0.4763673193787981,0,0,0,0,0,0,0,0,0,0,0,1,0,0,0,0,0,0,0,0,0,0,0,0,0,0,0,1
2020-04-30,Monthly,0.32733906697941106,0.16048287082366378,0.48632680621201896,0,0,0,0,0,0,0,0,0,0,0,1,0,0,0,0,0,0,0,0,0,0,0,0,0,0,0,1
2020-05-31,Monthly,0.20693249934844934,0.18850203864849896,0.5160364618501013,0,0,0,0,0,0,0,0,0,0,0,1,0,0,0,0,0,0,0,0,0,0,0,0,0,0,0,1
2020-06-30,Monthly,0.0797498045347928,0.19185124923982722,0.449020931802836,0,0,0,0,0,0,0,0,0,0,0,1,0,0,0,0,0,0,0,0,0,0,0,0,0,0,0,1
2019-05-31,Monthly,0.07961949439666406,0.09964319742292314,0.3936529372045915,0,0,0,0,0,0,0,0,0,0,0,0,1,0,0,0,0,0,0,0,0,0,0,0,0,0,0,1
2019-06-30,Monthly,0.08691686213187386,0.10122780333112105,0.4066509115462526,0,0,0,0,0,0,0,0,0,0,0,0,1,0,0,0,0,0,0,0,0,0,0,0,0,0,0,1
2019-07-31,Monthly,0.09877508470158979,0.0886936473553487,0.3342336259284268,0,0,0,0,0,0,0,0,0,0,0,0,1,0,0,0,0,0,0,0,0,0,0,0,0,0,0,1
2019-08-31,Monthly,0.100208496221006,0.09620410772031168,0.3811613774476705,0,0,0,0,0,0,0,0,0,0,0,0,1,0,0,0,0,0,0,0,0,0,0,0,0,0,0,1
2019-09-30,Monthly,0.07193119624706801,0.10040266497906791,0.39230249831195146,0,0,0,0,0,0,0,0,0,0,0,0,1,0,0,0,0,0,0,0,0,0,0,0,0,0,0,1
2019-10-31,Monthly,0.06971592389887933,0.1004872519382999,0.3909520594193113,0,0,0,0,0,0,0,0,0,0,0,0,1,0,0,0,0,0,0,0,0,0,0,0,0,0,0,1
2019-11-30,Monthly,0.08743810268438884,0.08776546511707498,0.32123565158676576,0,0,0,0,0,0,0,0,0,0,0,0,1,0,0,0,0,0,0,0,0,0,0,0,0,0,0,1
2019-12-31,Monthly,0.09525671097211362,0.09602113484340008,0.3752532072923701,0,0,0,0,0,0,0,0,0,0,0,0,1,0,0,0,0,0,0,0,0,0,0,0,0,0,0,1
2020-01-31,Monthly,0.08665624185561636,0.09945937167853221,0.3916272788656314,0,0,0,0,0,0,0,0,0,0,0,0,1,0,0,0,0,0,0,0,0,0,0,0,0,0,0,1
2020-02-29,Monthly,0.07922856398227782,0.10004844068598624,0.3907832545577313,0,0,0,0,0,0,0,0,0,0,0,0,1,0,0,0,0,0,0,0,0,0,0,0,0,0,0,1
2020-03-31,Monthly,0.11910346624967423,0.0881374028116504,0.33609047940580694,0,0,0,0,0,0,0,0,0,0,0,0,1,0,0,0,0,0,0,0,0,0,0,0,0,0,0,1
2020-04-30,Monthly,0.2792546260099036,0.04657281873292364,0.1212018906144498,0,0,0,0,0,0,0,0,0,0,0,0,1,0,0,0,0,0,0,0,0,0,0,0,0,0,0,1
2020-05-31,Monthly,0.3945790982538442,0.060721933951799284,0.28055367994598246,0,0,0,0,0,0,0,0,0,0,0,0,1,0,0,0,0,0,0,0,0,0,0,0,0,0,0,1
2020-06-30,Monthly,0.15858743810268439,0.09954216542921793,0.4279203241053343,0,0,0,0,0,0,0,0,0,0,0,0,1,0,0,0,0,0,0,0,0,0,0,0,0,0,0,1
2019-05-31,Monthly,0.05095126400833984,0.145278321164919,0.43264686022957466,0,0,0,0,0,0,0,0,0,0,0,0,0,1,0,0,0,0,0,0,0,0,0,0,0,0,0,1
2019-06-30,Monthly,0.0831378681261402,0.14126809454031636,0.4299459824442944,0,0,0,0,0,0,0,0,0,0,0,0,0,1,0,0,0,0,0,0,0,0,0,0,0,0,0,1
2019-07-31,Monthly,0.09616888193901485,0.13595639214225638,0.41087103308575296,0,0,0,0,0,0,0,0,0,0,0,0,0,1,0,0,0,0,0,0,0,0,0,0,0,0,0,1
2019-08-31,Monthly,0.08887151420380505,0.14783941660015576,0.4603308575286969,0,0,0,0,0,0,0,0,0,0,0,0,0,1,0,0,0,0,0,0,0,0,0,0,0,0,0,1
2019-09-30,Monthly,0.09121709669012248,0.14447459197343673,0.4446320054017556,0,0,0,0,0,0,0,0,0,0,0,0,0,1,0,0,0,0,0,0,0,0,0,0,0,0,0,1
2019-10-31,Monthly,0.05733646077664842,0.14333192449831,0.4198176907494937,0,0,0,0,0,0,0,0,0,0,0,0,0,1,0,0,0,0,0,0,0,0,0,0,0,0,0,1
2019-11-30,Monthly,0.07896794370602032,0.14017723329745968,0.41542876434841325,0,0,0,0,0,0,0,0,0,0,0,0,0,1,0,0,0,0,0,0,0,0,0,0,0,0,0,1
2019-12-31,Monthly,0.08079228563982277,0.14734888658915968,0.4473328831870358,0,0,0,0,0,0,0,0,0,0,0,0,0,1,0,0,0,0,0,0,0,0,0,0,0,0,0,1
2020-01-31,Monthly,0.0673703414125619,0.14838822588890604,0.44328156650911554,0,0,0,0,0,0,0,0,0,0,0,0,0,1,0,0,0,0,0,0,0,0,0,0,0,0,0,1
2020-02-29,Monthly,0.06463382851185821,0.14179501356376384,0.4110398379473329,0,0,0,0,0,0,0,0,0,0,0,0,0,1,0,0,0,0,0,0,0,0,0,0,0,0,0,1
2020-03-31,Monthly,0.06254886630179826,0.13858665731690648,0.3941593517893316,0,0,0,0,0,0,0,0,0,0,0,0,0,1,0,0,0,0,0,0,0,0,0,0,0,0,0,1
2020-04-30,Monthly,0.15559030492572323,0.10395039687750783,0.2773463875759623,0,0,0,0,0,0,0,0,0,0,0,0,0,1,0,0,0,0,0,0,0,0,0,0,0,0,0,1
2020-05-31,Monthly,0.5276257492832943,0.08376720050557984,0.37407157326131,0,0,0,0,0,0,0,0,0,0,0,0,0,1,0,0,0,0,0,0,0,0,0,0,0,0,0,1
2020-06-30,Monthly,0.16575449569976547,0.13497485101553228,0.4285955435516543,0,0,0,0,0,0,0,0,0,0,0,0,0,1,0,0,0,0,0,0,0,0,0,0,0,0,0,1
2019-05-31,Monthly,0.07922856398227782,0.3698635646024919,0.42150573936529373,0,0,0,0,0,0,0,0,0,0,0,0,0,0,1,0,0,0,0,0,0,0,0,0,0,0,0,1
2019-06-30,Monthly,0.08418034923117018,0.37888381908983776,0.4383862255232951,0,0,0,0,0,0,0,0,0,0,0,0,0,0,1,0,0,0,0,0,0,0,0,0,0,0,0,1
2019-07-31,Monthly,0.08274693771175397,0.37539852146456415,0.4301147873058745,0,0,0,0,0,0,0,0,0,0,0,0,0,0,1,0,0,0,0,0,0,0,0,0,0,0,0,1
2019-08-31,Monthly,0.09864477456346105,0.36199516231697326,0.4137407157326132,0,0,0,0,0,0,0,0,0,0,0,0,0,0,1,0,0,0,0,0,0,0,0,0,0,0,0,1
2019-09-30,Monthly,0.09903570497784728,0.37935060002179405,0.4431127616475355,0,0,0,0,0,0,0,0,0,0,0,0,0,0,1,0,0,0,0,0,0,0,0,0,0,0,0,1
2019-10-31,Monthly,0.09786291373468856,0.375536598522628,0.43416610398379474,0,0,0,0,0,0,0,0,0,0,0,0,0,0,1,0,0,0,0,0,0,0,0,0,0,0,0,1
2019-11-30,Monthly,0.09903570497784728,0.3813249882364426,0.44361917623227554,0,0,0,0,0,0,0,0,0,0,0,0,0,0,1,0,0,0,0,0,0,0,0,0,0,0,0,1
2019-12-31,Monthly,0.10203283815480843,0.36152230197067714,0.4091829844699528,0,0,0,0,0,0,0,0,0,0,0,0,0,0,1,0,0,0,0,0,0,0,0,0,0,0,0,1
2020-01-31,Monthly,0.08691686213187386,0.36445979625345815,0.40496286293045247,0,0,0,0,0,0,0,0,0,0,0,0,0,0,1,0,0,0,0,0,0,0,0,0,0,0,0,1
2020-02-29,Monthly,0.06958561376075058,0.37336705673399123,0.4098582039162728,0,0,0,0,0,0,0,0,0,0,0,0,0,0,1,0,0,0,0,0,0,0,0,0,0,0,0,1
2020-03-31,Monthly,0.08261662757362521,0.3721216077934068,0.4130654962862931,0,0,0,0,0,0,0,0,0,0,0,0,0,0,1,0,0,0,0,0,0,0,0,0,0,0,0,1
2020-04-30,Monthly,0.1953348970549909,0.2760891888572033,0.2959149223497637,0,0,0,0,0,0,0,0,0,0,0,0,0,0,1,0,0,0,0,0,0,0,0,0,0,0,0,1
2020-05-31,Monthly,0.2074537399009643,0.2693384803375448,0.2878122889939231,0,0,0,0,0,0,0,0,0,0,0,0,0,0,1,0,0,0,0,0,0,0,0,0,0,0,0,1
2020-06-30,Monthly,0.13044044826687518,0.35259006778087754,0.400236326806212,0,0,0,0,0,0,0,0,0,0,0,0,0,0,1,0,0,0,0,0,0,0,0,0,0,0,0,1
2019-05-31,Monthly,0.10946051602814699,0.00392664561162831,0.5817015530047266,0,0,0,0,0,0,0,0,0,0,0,0,0,0,0,1,0,0,0,0,0,0,0,0,0,0,0,1
2019-06-30,Monthly,0.1128485796194944,0.0039763743461923295,0.5901417960837273,0,0,0,0,0,0,0,0,0,0,0,0,0,0,0,1,0,0,0,0,0,0,0,0,0,0,0,1
2019-07-31,Monthly,0.05772739119103465,0.005130216572137969,0.7295746117488184,0,0,0,0,0,0,0,0,0,0,0,0,0,0,0,1,0,0,0,0,0,0,0,0,0,0,0,1
2019-08-31,Monthly,0.07557988011467291,0.00459264763939729,0.6573261309925726,0,0,0,0,0,0,0,0,0,0,0,0,0,0,0,1,0,0,0,0,0,0,0,0,0,0,0,1
2019-09-30,Monthly,0.0690643732082356,0.004471365510157227,0.6320054017555706,0,0,0,0,0,0,0,0,0,0,0,0,0,0,0,1,0,0,0,0,0,0,0,0,0,0,0,1
2019-10-31,Monthly,0.09382329945269742,0.004044669349729413,0.5803511141120865,0,0,0,0,0,0,0,0,0,0,0,0,0,0,0,1,0,0,0,0,0,0,0,0,0,0,0,1
2019-11-30,Monthly,0.0393536617148814,0.005336129397403855,0.7375084402430792,0,0,0,0,0,0,0,0,0,0,0,0,0,0,0,1,0,0,0,0,0,0,0,0,0,0,0,1
2019-12-31,Monthly,0.06789158196507689,0.004767244920293956,0.6703241053342337,0,0,0,0,0,0,0,0,0,0,0,0,0,0,0,1,0,0,0,0,0,0,0,0,0,0,0,1
2020-01-31,Monthly,0.06202762574928329,0.004641939006023166,0.6448345712356517,0,0,0,0,0,0,0,0,0,0,0,0,0,0,0,1,0,0,0,0,0,0,0,0,0,0,0,1
2020-02-29,Monthly,0.09603857180088611,0.00403570330699804,0.5727548953409859,0,0,0,0,0,0,0,0,0,0,0,0,0,0,0,1,0,0,0,0,0,0,0,0,0,0,0,1
2020-03-31,Monthly,0.036486838676049,0.005255303802439659,0.7142133693450372,0,0,0,0,0,0,0,0,0,0,0,0,0,0,0,1,0,0,0,0,0,0,0,0,0,0,0,1
2020-04-30,Monthly,0.22660933020589002,0.0024606101514541567,0.3912896691424713,0,0,0,0,0,0,0,0,0,0,0,0,0,0,0,1,0,0,0,0,0,0,0,0,0,0,0,1
2020-05-31,Monthly,0.18999218139171228,0.003794079389584787,0.5933490884537475,0,0,0,0,0,0,0,0,0,0,0,0,0,0,0,1,0,0,0,0,0,0,0,0,0,0,0,1
2019-05-31,Monthly,0.03844149074798017,0.054018483037854476,0.4714719783929777,0,0,0,0,0,0,0,0,0,0,0,0,0,0,0,0,1,0,0,0,0,0,0,0,0,0,0,1
2019-06-30,Monthly,0.034271566327860284,0.05044754877029739,0.4230249831195139,0,0,0,0,0,0,0,0,0,0,0,0,0,0,0,0,1,0,0,0,0,0,0,0,0,0,0,1
2019-07-31,Monthly,0.023195204586916846,0.054513911569757476,0.46691424713031743,0,0,0,0,0,0,0,0,0,0,0,0,0,0,0,0,1,0,0,0,0,0,0,0,0,0,0,1
2019-08-31,Monthly,0.04560854834506123,0.05264954325994249,0.4544226873733964,0,0,0,0,0,0,0,0,0,0,0,0,0,0,0,0,1,0,0,0,0,0,0,0,0,0,0,1
2019-09-30,Monthly,0.04925723221266613,0.0551355426202044,0.48649561107359895,0,0,0,0,0,0,0,0,0,0,0,0,0,0,0,0,1,0,0,0,0,0,0,0,0,0,0,1
2019-10-31,Monthly,0.05863956215793589,0.05264674410513852,0.4588116137744767,0,0,0,0,0,0,0,0,0,0,0,0,0,0,0,0,1,0,0,0,0,0,0,0,0,0,0,1
2019-11-30,Monthly,0.02905916080271044,0.05565614167694609,0.4790681971640784,0,0,0,0,0,0,0,0,0,0,0,0,0,0,0,0,1,0,0,0,0,0,0,0,0,0,0,1
2019-12-31,Monthly,0.04378420641125878,0.05072654577802278,0.424206617150574,0,0,0,0,0,0,0,0,0,0,0,0,0,0,0,0,1,0,0,0,0,0,0,0,0,0,0,1
2020-01-31,Monthly,0.029710711493354164,0.05493122618791263,0.46792707629979746,0,0,0,0,0,0,0,0,0,0,0,0,0,0,0,0,1,0,0,0,0,0,0,0,0,0,0,1
2020-02-29,Monthly,0.028537920250195442,0.0522361649532304,0.43281566509115466,0,0,0,0,0,0,0,0,0,0,0,0,0,0,0,0,1,0,0,0,0,0,0,0,0,0,0,1
2020-03-31,Monthly,0.051602814698983576,0.052670733736544295,0.449020931802836,0,0,0,0,0,0,0,0,0,0,0,0,0,0,0,0,1,0,0,0,0,0,0,0,0,0,0,1
2020-04-30,Monthly,0.26713578316393016,0.027419120882134385,0.20594193112761655,0,0,0,0,0,0,0,0,0,0,0,0,0,0,0,0,1,0,0,0,0,0,0,0,0,0,0,1
2020-05-31,Monthly,0.13031013812874642,0.04211986641296117,0.35094530722484807,0,0,0,0,0,0,0,0,0,0,0,0,0,0,0,0,1,0,0,0,0,0,0,0,0,0,0,1
2020-06-30,Monthly,0.028407610112066717,0.04749048227228564,0.36985145172180967,0,0,0,0,0,0,0,0,0,0,0,0,0,0,0,0,1,0,0,0,0,0,0,0,0,0,0,1
2019-05-31,Monthly,0.016288767266093296,0.005127811048478315,0.3777852802160703,0,0,0,0,0,0,0,0,0,0,0,0,0,0,0,0,0,1,0,0,0,0,0,0,0,0,0,1
2019-06-30,Monthly,0.0,0.005575325922760499,0.41188386225523294,0,0,0,0,0,0,0,0,0,0,0,0,0,0,0,0,0,1,0,0,0,0,0,0,0,0,0,1
2019-07-31,Monthly,0.0,0.005066841957904689,0.36191762322754906,0,0,0,0,0,0,0,0,0,0,0,0,0,0,0,0,0,1,0,0,0,0,0,0,0,0,0,1
2019-08-31,Monthly,0.11662757362522803,0.005761491585620365,0.49088453747467925,0,0,0,0,0,0,0,0,0,0,0,0,0,0,0,0,0,1,0,0,0,0,0,0,0,0,0,1
2019-09-30,Monthly,0.015897836851707037,0.005186155931423242,0.37812288993923027,0,0,0,0,0,0,0,0,0,0,0,0,0,0,0,0,0,1,0,0,0,0,0,0,0,0,0,1
2019-10-31,Monthly,0.015246286161063327,0.005754187541053807,0.43095881161377453,0,0,0,0,0,0,0,0,0,0,0,0,0,0,0,0,0,1,0,0,0,0,0,0,0,0,0,1
2019-11-30,Monthly,0.017852488923638277,0.004933138579222063,0.35212694125590815,0,0,0,0,0,0,0,0,0,0,0,0,0,0,0,0,0,1,0,0,0,0,0,0,0,0,0,1
2019-12-31,Monthly,0.06789158196507689,0.005767024290037559,0.4572923700202567,0,0,0,0,0,0,0,0,0,0,0,0,0,0,0,0,0,1,0,0,0,0,0,0,0,0,0,1
2020-01-31,Monthly,0.007427677873338534,0.00507954749650702,0.3588791357191088,0,0,0,0,0,0,0,0,0,0,0,0,0,0,0,0,0,1,0,0,0,0,0,0,0,0,0,1
2020-02-29,Monthly,0.023195204586916846,0.005705945857479411,0.42488183659689405,0,0,0,0,0,0,0,0,0,0,0,0,0,0,0,0,0,1,0,0,0,0,0,0,0,0,0,1
2020-03-31,Monthly,0.008079228563982244,0.005017288170515943,0.35094530722484807,0,0,0,0,0,0,0,0,0,0,0,0,0,0,0,0,0,1,0,0,0,0,0,0,0,0,0,1
2020-06-30,Monthly,0.0592911128485796,0.004056718836424583,0.2768399729912222,0,0,0,0,0,0,0,0,0,0,0,0,0,0,0,0,0,1,0,0,0,0,0,0,0,0,0,1
2019-05-31,Monthly,0.17578837633567893,0.07086449643675247,0.4507089804186361,0,0,0,0,0,0,0,0,0,0,0,0,0,0,0,0,0,0,1,0,0,0,0,0,0,0,0,1
2019-06-30,Monthly,0.17161845191555905,0.07125550337342984,0.45054017555705617,0,0,0,0,0,0,0,0,0,0,0,0,0,0,0,0,0,0,1,0,0,0,0,0,0,0,0,1
2019-07-31,Monthly,0.15129007036747458,0.07748021134231085,0.49442943956785956,0,0,0,0,0,0,0,0,0,0,0,0,0,0,0,0,0,0,1,0,0,0,0,0,0,0,0,1
2019-08-31,Monthly,0.15624185561636697,0.07545565702516019,0.47738014854827826,0,0,0,0,0,0,0,0,0,0,0,0,0,0,0,0,0,0,1,0,0,0,0,0,0,0,0,1
2019-09-30,Monthly,0.20445660672400312,0.06949247321487674,0.449696151249156,0,0,0,0,0,0,0,0,0,0,0,0,0,0,0,0,0,0,1,0,0,0,0,0,0,0,0,1
2019-10-31,Monthly,0.17917643992702634,0.06606482068384707,0.40124915597569216,0,0,0,0,0,0,0,0,0,0,0,0,0,0,0,0,0,0,1,0,0,0,0,0,0,0,0,1
2019-11-30,Monthly,0.13539223351576754,0.0776945435003855,0.4809250506414585,0,0,0,0,0,0,0,0,0,0,0,0,0,0,0,0,0,0,1,0,0,0,0,0,0,0,0,1
2019-12-31,Monthly,0.15598123534010946,0.07711579637627106,0.486833220796759,0,0,0,0,0,0,0,0,0,0,0,0,0,0,0,0,0,0,1,0,0,0,0,0,0,0,0,1
2020-01-31,Monthly,0.1782642689601251,0.07004889270575028,0.43399729912221474,0,0,0,0,0,0,0,0,0,0,0,0,0,0,0,0,0,0,1,0,0,0,0,0,0,0,0,1
2020-02-29,Monthly,0.15624185561636697,0.069318597591078,0.4134031060094531,0,0,0,0,0,0,0,0,0,0,0,0,0,0,0,0,0,0,1,0,0,0,0,0,0,0,0,1
2020-03-31,Monthly,0.1299192077143602,0.07768470272177785,0.4719783929777178,0,0,0,0,0,0,0,0,0,0,0,0,0,0,0,0,0,0,1,0,0,0,0,0,0,0,0,1
2020-04-30,Monthly,0.014725045608548315,0.049194161601636144,0.1792707629979744,0,0,0,0,0,0,0,0,0,0,0,0,0,0,0,0,0,0,1,0,0,0,0,0,0,0,0,1
2020-05-31,Monthly,0.2676570237164452,0.057584693731679876,0.36090479405806897,0,0,0,0,0,0,0,0,0,0,0,0,0,0,0,0,0,0,1,0,0,0,0,0,0,0,0,1
2020-06-30,Monthly,0.13747719572582748,0.06556867049484617,0.36512491559756927,0,0,0,0,0,0,0,0,0,0,0,0,0,0,0,0,0,0,1,0,0,0,0,0,0,0,0,1
2019-05-31,Monthly,0.17748240813135263,0.11063256984126321,0.44074949358541526,0,0,0,0,0,0,0,0,0,0,0,0,0,0,0,0,0,0,0,1,0,0,0,0,0,0,0,1
2019-06-30,Monthly,0.18712535835287986,0.11353533710975763,0.462525320729237,0,0,0,0,0,0,0,0,0,0,0,0,0,0,0,0,0,0,0,1,0,0,0,0,0,0,0,1
2019-07-31,Monthly,0.15207193119624707,0.11640657014991376,0.45661715057393665,0,0,0,0,0,0,0,0,0,0,0,0,0,0,0,0,0,0,0,1,0,0,0,0,0,0,0,1
2019-08-31,Monthly,0.191686213187386,0.11252930337849894,0.4559419311276166,0,0,0,0,0,0,0,0,0,0,0,0,0,0,0,0,0,0,0,1,0,0,0,0,0,0,0,1
2019-09-30,Monthly,0.16458170445660675,0.1121279964268789,0.4358541525995949,0,0,0,0,0,0,0,0,0,0,0,0,0,0,0,0,0,0,0,1,0,0,0,0,0,0,0,1
2019-10-31,Monthly,0.16966379984362784,0.1166660386792022,0.4637069547602971,0,0,0,0,0,0,0,0,0,0,0,0,0,0,0,0,0,0,0,1,0,0,0,0,0,0,0,1
2019-11-30,Monthly,0.1863434975241074,0.11496861371136677,0.462525320729237,0,0,0,0,0,0,0,0,0,0,0,0,0,0,0,0,0,0,0,1,0,0,0,0,0,0,0,1
2019-12-31,Monthly,0.23507948918425856,0.11065542231602987,0.46539500337609724,0,0,0,0,0,0,0,0,0,0,0,0,0,0,0,0,0,0,0,1,0,0,0,0,0,0,0,1
2020-01-31,Monthly,0.24524367995830076,0.11170252489667784,0.47704253882511827,0,0,0,0,0,0,0,0,0,0,0,0,0,0,0,0,0,0,0,1,0,0,0,0,0,0,0,1
2020-02-29,Monthly,0.2217878550951264,0.1145668475234117,0.4775489534098582,0,0,0,0,0,0,0,0,0,0,0,0,0,0,0,0,0,0,0,1,0,0,0,0,0,0,0,1
2020-03-31,Monthly,0.24159499609069585,0.10749390817534493,0.4453072248480757,0,0,0,0,0,0,0,0,0,0,0,0,0,0,0,0,0,0,0,1,0,0,0,0,0,0,0,1
2020-04-30,Monthly,0.46299192077143614,0.0630575880833332,0.274139095205942,0,0,0,0,0,0,0,0,0,0,0,0,0,0,0,0,0,0,0,1,0,0,0,0,0,0,0,1
2020-05-31,Monthly,0.3303362001563722,0.09132386879320499,0.39466576637407164,0,0,0,0,0,0,0,0,0,0,0,0,0,0,0,0,0,0,0,1,0,0,0,0,0,0,0,1
2020-06-30,Monthly,0.16992442011988532,0.11429220232667059,0.43771100607697505,0,0,0,0,0,0,0,0,0,0,0,0,0,0,0,0,0,0,0,1,0,0,0,0,0,0,0,1
2019-05-31,Monthly,0.10685431326557206,0.0008783878985189897,0.5955435516542877,0,0,0,0,0,0,0,0,0,0,0,0,0,0,0,0,0,0,0,0,1,0,0,0,0,0,0,1
2019-06-30,Monthly,0.10112066718790721,0.0008809027641631662,0.5874409182984471,0,0,0,0,0,0,0,0,0,0,0,0,0,0,0,0,0,0,0,0,1,0,0,0,0,0,0,1
2019-07-31,Monthly,0.03335939536095907,0.0012883547353137736,0.6978392977717759,0,0,0,0,0,0,0,0,0,0,0,0,0,0,0,0,0,0,0,0,1,0,0,0,0,0,0,1
2019-08-31,Monthly,0.06280948657805577,0.0009060076838111331,0.5621201890614451,0,0,0,0,0,0,0,0,0,0,0,0,0,0,0,0,0,0,0,0,1,0,0,0,0,0,0,1
2019-09-30,Monthly,0.06267917643992701,0.000875391928142899,0.5449020931802836,0,0,0,0,0,0,0,0,0,0,0,0,0,0,0,0,0,0,0,0,1,0,0,0,0,0,0,1
2019-10-31,Monthly,0.12614021370862655,0.0008431141743097947,0.5678595543551654,0,0,0,0,0,0,0,0,0,0,0,0,0,0,0,0,0,0,0,0,1,0,0,0,0,0,0,1
2019-11-30,Monthly,0.052645295804013545,0.0012756054599176447,0.6831532748143146,0,0,0,0,0,0,0,0,0,0,0,0,0,0,0,0,0,0,0,0,1,0,0,0,0,0,0,1
2019-12-31,Monthly,0.09603857180088611,0.0008444481465210429,0.5386563133018232,0,0,0,0,0,0,0,0,0,0,0,0,0,0,0,0,0,0,0,0,1,0,0,0,0,0,0,1
2020-03-31,Monthly,0.26648423247328645,0.0008040134806420463,0.6286293045239704,0,0,0,0,0,0,0,0,0,0,0,0,0,0,0,0,0,0,0,0,1,0,0,0,0,0,0,1
2020-04-30,Monthly,0.07518894970028668,0.000710394873487924,0.4554355165428765,0,0,0,0,0,0,0,0,0,0,0,0,0,0,0,0,0,0,0,0,1,0,0,0,0,0,0,1
2020-05-31,Monthly,0.2573625228042742,0.0005693655818418131,0.5062457798784605,0,0,0,0,0,0,0,0,0,0,0,0,0,0,0,0,0,0,0,0,1,0,0,0,0,0,0,1
2020-06-30,Monthly,0.034271566327860284,0.0005871445885263227,0.3801485482781905,0,0,0,0,0,0,0,0,0,0,0,0,0,0,0,0,0,0,0,0,1,0,0,0,0,0,0,1
2019-05-31,Monthly,0.011597602293458437,0.25692435999238894,0.4047940580688725,0,0,0,0,0,0,0,0,0,0,0,0,0,0,0,0,0,0,0,0,0,1,0,0,0,0,0,1
2019-06-30,Monthly,0.020328381548084418,0.26831046886739573,0.43602295746117486,0,0,0,0,0,0,0,0,0,0,0,0,0,0,0,0,0,0,0,0,0,1,0,0,0,0,0,1
2019-07-31,Monthly,0.041438623924941353,0.2625299736448641,0.4314652261985146,0,0,0,0,0,0,0,0,0,0,0,0,0,0,0,0,0,0,0,0,0,1,0,0,0,0,0,1
2019-08-31,Monthly,0.12418556163669534,0.2598768778638443,0.46927751519243766,0,0,0,0,0,0,0,0,0,0,0,0,0,0,0,0,0,0,0,0,0,1,0,0,0,0,0,1
2019-09-30,Monthly,0.024237685691946814,0.2592149433578998,0.412390276839973,0,0,0,0,0,0,0,0,0,0,0,0,0,0,0,0,0,0,0,0,0,1,0,0,0,0,0,1
2019-10-31,Monthly,0.014725045608548315,0.26623741044590776,0.42353139770425396,0,0,0,0,0,0,0,0,0,0,0,0,0,0,0,0,0,0,0,0,0,1,0,0,0,0,0,1
2019-11-30,Monthly,0.03453218660411779,0.25543450984798427,0.40597569209993256,0,0,0,0,0,0,0,0,0,0,0,0,0,0,0,0,0,0,0,0,0,1,0,0,0,0,0,1
2019-12-31,Monthly,0.10489966119364087,0.26703431669755545,0.4719783929777178,0,0,0,0,0,0,0,0,0,0,0,0,0,0,0,0,0,0,0,0,0,1,0,0,0,0,0,1
2020-01-31,Monthly,0.02671357831639301,0.25974352437951215,0.4103646185010129,0,0,0,0,0,0,0,0,0,0,0,0,0,0,0,0,0,0,0,0,0,1,0,0,0,0,0,1
2020-02-29,Monthly,0.04313265572061506,0.255700189001994,0.40766374071573264,0,0,0,0,0,0,0,0,0,0,0,0,0,0,0,0,0,0,0,0,0,1,0,0,0,0,0,1
2020-03-31,Monthly,0.08418034923117018,0.23908189122007703,0.38555030384875094,0,0,0,0,0,0,0,0,0,0,0,0,0,0,0,0,0,0,0,0,0,1,0,0,0,0,0,1
2020-05-31,Monthly,0.33815480844409695,0.1243109240799457,0.17623227548953413,0,0,0,0,0,0,0,0,0,0,0,0,0,0,0,0,0,0,0,0,0,1,0,0,0,0,0,1
2020-06-30,Monthly,0.32486317435496487,0.16820263361541307,0.30840648210668475,0,0,0,0,0,0,0,0,0,0,0,0,0,0,0,0,0,0,0,0,0,1,0,0,0,0,0,1
2019-05-31,Monthly,0.019807140995569433,0.12052174321126781,0.5276839972991223,0,0,0,0,0,0,0,0,0,0,0,0,0,0,0,0,0,0,0,0,0,0,1,0,0,0,0,1
2019-06-30,Monthly,0.01863434975241071,0.12320499551162088,0.5418636056718434,0,0,0,0,0,0,0,0,0,0,0,0,0,0,0,0,0,0,0,0,0,0,1,0,0,0,0,1
2019-07-31,Monthly,0.04860568152202241,0.11771939562136524,0.5238014854827819,0,0,0,0,0,0,0,0,0,0,0,0,0,0,0,0,0,0,0,0,0,0,1,0,0,0,0,1
2019-08-31,Monthly,0.05459994787594474,0.12017281107023738,0.5411883862255233,0,0,0,0,0,0,0,0,0,0,0,0,0,0,0,0,0,0,0,0,0,0,1,0,0,0,0,1
2019-09-30,Monthly,0.08066197550169404,0.12288650417908345,0.5730925050641459,0,0,0,0,0,0,0,0,0,0,0,0,0,0,0,0,0,0,0,0,0,0,1,0,0,0,0,1
2019-10-31,Monthly,0.08782903309877509,0.11522285569379469,0.5263335584064821,0,0,0,0,0,0,0,0,0,0,0,0,0,0,0,0,0,0,0,0,0,0,1,0,0,0,0,1
2019-11-30,Monthly,0.06815220224133438,0.11565536884779944,0.5155300472653612,0,0,0,0,0,0,0,0,0,0,0,0,0,0,0,0,0,0,0,0,0,0,1,0,0,0,0,1
2019-12-31,Monthly,0.054990878290330975,0.11521063125992428,0.5030384875084404,0,0,0,0,0,0,0,0,0,0,0,0,0,0,0,0,0,0,0,0,0,0,1,0,0,0,0,1
2020-01-31,Monthly,0.08457127964555643,0.12014409786509994,0.5506414584740041,0,0,0,0,0,0,0,0,0,0,0,0,0,0,0,0,0,0,0,0,0,0,1,0,0,0,0,1
2020-02-29,Monthly,0.08782903309877509,0.11966552986721138,0.5477717758271439,0,0,0,0,0,0,0,0,0,0,0,0,0,0,0,0,0,0,0,0,0,0,1,0,0,0,0,1
2020-03-31,Monthly,0.07948918425853531,0.1151112175275901,0.511816340310601,0,0,0,0,0,0,0,0,0,0,0,0,0,0,0,0,0,0,0,0,0,0,1,0,0,0,0,1
2020-04-30,Monthly,0.13682564503518374,0.07280013385208378,0.2653612424037813,0,0,0,0,0,0,0,0,0,0,0,0,0,0,0,0,0,0,0,0,0,0,1,0,0,0,0,1
2020-05-31,Monthly,0.4765441751368257,0.06690439217785812,0.4101958136394329,0,0,0,0,0,0,0,0,0,0,0,0,0,0,0,0,0,0,0,0,0,0,1,0,0,0,0,1
2020-06-30,Monthly,0.09017461558509252,0.09903267551810442,0.4110398379473329,0,0,0,0,0,0,0,0,0,0,0,0,0,0,0,0,0,0,0,0,0,0,1,0,0,0,0,1
2019-06-30,Monthly,0.3334636434714621,0.007857708639431665,0.7675557056043214,0,0,0,0,0,0,0,0,0,0,0,0,0,0,0,0,0,0,0,0,0,0,0,1,0,0,0,1
2019-07-31,Monthly,0.3363304665102945,0.007898055831723039,0.772619851451722,0,0,0,0,0,0,0,0,0,0,0,0,0,0,0,0,0,0,0,0,0,0,0,1,0,0,0,1
2019-08-31,Monthly,0.43588741204065684,0.006988199310056453,0.7721134368669819,0,0,0,0,0,0,0,0,0,0,0,0,0,0,0,0,0,0,0,0,0,0,0,1,0,0,0,1
2019-09-30,Monthly,0.43745113369820177,0.008061194072640998,0.9042876434841325,0,0,0,0,0,0,0,0,0,0,0,0,0,0,0,0,0,0,0,0,0,0,0,1,0,0,0,1
2019-10-31,Monthly,0.34753713838936673,0.007990449808650407,0.7878122889939231,0,0,0,0,0,0,0,0,0,0,0,0,0,0,0,0,0,0,0,0,0,0,0,1,0,0,0,1
2019-11-30,Monthly,0.35379202501954654,0.008272377181561208,0.823936529372046,0,0,0,0,0,0,0,0,0,0,0,0,0,0,0,0,0,0,0,0,0,0,0,1,0,0,0,1
2019-12-31,Monthly,0.43627834245504304,0.007654091995840884,0.8453747467927076,0,0,0,0,0,0,0,0,0,0,0,0,0,0,0,0,0,0,0,0,0,0,0,1,0,0,0,1
2020-02-29,Monthly,0.44149074798019294,0.008002061927407433,0.8897704253882514,0,0,0,0,0,0,0,0,0,0,0,0,0,0,0,0,0,0,0,0,0,0,0,1,0,0,0,1
2020-03-31,Monthly,0.3347667448527496,0.008765968768124105,0.8479068197164079,0,0,0,0,0,0,0,0,0,0,0,0,0,0,0,0,0,0,0,0,0,0,0,1,0,0,0,1
2020-04-30,Monthly,0.4545217617930676,0.005401734588121543,0.5793382849426064,0,0,0,0,0,0,0,0,0,0,0,0,0,0,0,0,0,0,0,0,0,0,0,1,0,0,0,1
2020-05-31,Monthly,0.21866041178003653,0.007338574765282657,0.5904794058068873,0,0,0,0,0,0,0,0,0,0,0,0,0,0,0,0,0,0,0,0,0,0,0,1,0,0,0,1
2020-06-30,Monthly,0.3579619494396664,0.007470135041068526,0.7231600270087779,0,0,0,0,0,0,0,0,0,0,0,0,0,0,0,0,0,0,0,0,0,0,0,1,0,0,0,1
2019-05-31,Monthly,0.18764659890539487,0.2917643026805691,0.45746117488183663,0,0,0,0,0,0,0,0,0,0,0,0,0,0,0,0,0,0,0,0,0,0,0,0,1,0,0,1
2019-06-30,Monthly,0.15142038050560333,0.2968641877861986,0.4459824442943957,0,0,0,0,0,0,0,0,0,0,0,0,0,0,0,0,0,0,0,0,0,0,0,0,1,0,0,1
2019-07-31,Monthly,0.1537659629919208,0.30206840701346604,0.45746117488183663,0,0,0,0,0,0,0,0,0,0,0,0,0,0,0,0,0,0,0,0,0,0,0,0,1,0,0,1
2019-08-31,Monthly,0.1919468334636435,0.2958973640905921,0.4648885887913572,0,0,0,0,0,0,0,0,0,0,0,0,0,0,0,0,0,0,0,0,0,0,0,0,1,0,0,1
2019-09-30,Monthly,0.17696116757883765,0.2946449391313947,0.45138419986495615,0,0,0,0,0,0,0,0,0,0,0,0,0,0,0,0,0,0,0,0,0,0,0,0,1,0,0,1
2019-10-31,Monthly,0.13487099296325253,0.30372760602351,0.4453072248480757,0,0,0,0,0,0,0,0,0,0,0,0,0,0,0,0,0,0,0,0,0,0,0,0,1,0,0,1
2019-11-30,Monthly,0.1473807662236122,0.3078953944478196,0.4603308575286969,0,0,0,0,0,0,0,0,0,0,0,0,0,0,0,0,0,0,0,0,0,0,0,0,1,0,0,1
2019-12-31,Monthly,0.1611936408652593,0.3019540134292513,0.4537474679270764,0,0,0,0,0,0,0,0,0,0,0,0,0,0,0,0,0,0,0,0,0,0,0,0,1,0,0,1
2020-01-31,Monthly,0.16080271045087308,0.29755955907101217,0.44209993247805546,0,0,0,0,0,0,0,0,0,0,0,0,0,0,0,0,0,0,0,0,0,0,0,0,1,0,0,1
2020-02-29,Monthly,0.1518113109199896,0.3007709112882456,0.44243754220121545,0,0,0,0,0,0,0,0,0,0,0,0,0,0,0,0,0,0,0,0,0,0,0,0,1,0,0,1
2020-03-31,Monthly,0.1605420901746156,0.3026632492777033,0.45020256583389606,0,0,0,0,0,0,0,0,0,0,0,0,0,0,0,0,0,0,0,0,0,0,0,0,1,0,0,1
2020-04-30,Monthly,0.3510555121188429,0.2382552876854312,0.41205266711681304,0,0,0,0,0,0,0,0,0,0,0,0,0,0,0,0,0,0,0,0,0,0,0,0,1,0,0,1
2020-05-31,Monthly,0.4177743028407611,0.24190964988718422,0.46877110060769756,0,0,0,0,0,0,0,0,0,0,0,0,0,0,0,0,0,0,0,0,0,0,0,0,1,0,0,1
2020-06-30,Monthly,0.1700547302580141,0.2877728828773055,0.41796083727211353,0,0,0,0,0,0,0,0,0,0,0,0,0,0,0,0,0,0,0,0,0,0,0,0,1,0,0,1
2019-05-31,Monthly,0.11949439666406048,0.01371972924562842,0.2194463200540176,0,0,0,0,0,0,0,0,0,0,0,0,0,0,0,0,0,0,0,0,0,0,0,0,0,1,0,1
2019-06-30,Monthly,0.06111545478238206,0.01875147242649916,0.34115462525320733,0,0,0,0,0,0,0,0,0,0,0,0,0,0,0,0,0,0,0,0,0,0,0,0,0,1,0,1
2019-07-31,Monthly,0.09043523586135001,0.017723898324288168,0.3232613099257259,0,0,0,0,0,0,0,0,0,0,0,0,0,0,0,0,0,0,0,0,0,0,0,0,0,1,0,1
2019-08-31,Monthly,0.09682043262965859,0.016938101218268692,0.3018230925050642,0,0,0,0,0,0,0,0,0,0,0,0,0,0,0,0,0,0,0,0,0,0,0,0,0,1,0,1
2019-09-30,Monthly,0.12535835287985406,0.014470974284536586,0.23936529372045923,0,0,0,0,0,0,0,0,0,0,0,0,0,0,0,0,0,0,0,0,0,0,0,0,0,1,0,1
2019-10-31,Monthly,0.06150638519676831,0.019151336063923413,0.3467251856853477,0,0,0,0,0,0,0,0,0,0,0,0,0,0,0,0,0,0,0,0,0,0,0,0,0,1,0,1
2019-11-30,Monthly,0.08261662757362521,0.018708041790244045,0.3423362592842674,0,0,0,0,0,0,0,0,0,0,0,0,0,0,0,0,0,0,0,0,0,0,0,0,0,1,0,1
2019-12-31,Monthly,0.0962991920771436,0.01739322629467413,0.30925050641458474,0,0,0,0,0,0,0,0,0,0,0,0,0,0,0,0,0,0,0,0,0,0,0,0,0,1,0,1
2020-01-31,Monthly,0.1162366432108418,0.014779384286100372,0.24004051316677927,0,0,0,0,0,0,0,0,0,0,0,0,0,0,0,0,0,0,0,0,0,0,0,0,0,1,0,1
2020-02-29,Monthly,0.06880375293197812,0.019987452351223317,0.3676569885212695,0,0,0,0,0,0,0,0,0,0,0,0,0,0,0,0,0,0,0,0,0,0,0,0,0,1,0,1
2020-03-31,Monthly,0.10620276257492833,0.01836562643149159,0.337609723160027,0,0,0,0,0,0,0,0,0,0,0,0,0,0,0,0,0,0,0,0,0,0,0,0,0,1,0,1
2020-04-30,Monthly,0.17174876205368778,0.015277721314791853,0.27447670492910203,0,0,0,0,0,0,0,0,0,0,0,0,0,0,0,0,0,0,0,0,0,0,0,0,0,1,0,1
2020-05-31,Monthly,0.2262183997915038,0.015945778971869995,0.3197164078325457,0,0,0,0,0,0,0,0,0,0,0,0,0,0,0,0,0,0,0,0,0,0,0,0,0,1,0,1
2020-06-30,Monthly,0.06619755016940318,0.020557386511384723,0.37609723160027014,0,0,0,0,0,0,0,0,0,0,0,0,0,0,0,0,0,0,0,0,0,0,0,0,0,1,0,1
2019-05-31,Monthly,0.09447485014334114,0.24616722994918944,0.5577312626603647,0,0,0,0,0,0,0,0,0,0,0,0,0,0,0,0,0,0,0,0,0,0,0,0,0,0,1,1
2019-06-30,Monthly,0.09616888193901485,0.2309757138550006,0.5094530722484808,0,0,0,0,0,0,0,0,0,0,0,0,0,0,0,0,0,0,0,0,0,0,0,0,0,0,1,1
2019-07-31,Monthly,0.10307531925983841,0.23465684297456646,0.524139095205942,0,0,0,0,0,0,0,0,0,0,0,0,0,0,0,0,0,0,0,0,0,0,0,0,0,0,1,1
2019-08-31,Monthly,0.09473547041959864,0.24945439989849566,0.5644834571235653,0,0,0,0,0,0,0,0,0,0,0,0,0,0,0,0,0,0,0,0,0,0,0,0,0,0,1,1
2019-09-30,Monthly,0.10151159760229346,0.24294102909045687,0.5470965563808239,0,0,0,0,0,0,0,0,0,0,0,0,0,0,0,0,0,0,0,0,0,0,0,0,0,0,1,1
2019-10-31,Monthly,0.10203283815480843,0.22993014206213602,0.5050641458474004,0,0,0,0,0,0,0,0,0,0,0,0,0,0,0,0,0,0,0,0,0,0,0,0,0,0,1,1
2019-11-30,Monthly,0.08613500130310138,0.2344082649069372,0.5082714382174207,0,0,0,0,0,0,0,0,0,0,0,0,0,0,0,0,0,0,0,0,0,0,0,0,0,0,1,1
2019-12-31,Monthly,0.0943445400052124,0.24681276315745448,0.5509790681971641,0,0,0,0,0,0,0,0,0,0,0,0,0,0,0,0,0,0,0,0,0,0,0,0,0,0,1,1
2020-01-31,Monthly,0.09473547041959864,0.24403374914705053,0.5411883862255233,0,0,0,0,0,0,0,0,0,0,0,0,0,0,0,0,0,0,0,0,0,0,0,0,0,0,1,1
2020-02-29,Monthly,0.09838415428720354,0.23665428047955384,0.5192437542201217,0,0,0,0,0,0,0,0,0,0,0,0,0,0,0,0,0,0,0,0,0,0,0,0,0,0,1,1
2020-03-31,Monthly,0.08691686213187386,0.23523145697166573,0.5065833896016206,0,0,0,0,0,0,0,0,0,0,0,0,0,0,0,0,0,0,0,0,0,0,0,0,0,0,1,1
2020-04-30,Monthly,0.20367474589523069,0.202283677325768,0.47045914922349774,0,0,0,0,0,0,0,0,0,0,0,0,0,0,0,0,0,0,0,0,0,0,0,0,0,0,1,1
2020-05-31,Monthly,0.19833203023195206,0.20100299839776817,0.461512491559757,0,0,0,0,0,0,0,0,0,0,0,0,0,0,0,0,0,0,0,0,0,0,0,0,0,0,1,1
2020-06-30,Monthly,0.12848579619494396,0.19767961438318582,0.4091829844699528,0,0,0,0,0,0,0,0,0,0,0,0,0,0,0,0,0,0,0,0,0,0,0,0,0,0,1,1
